2026-09-19 22:26:40,738 [INFO] [face_recognition.detector]: Initializing FaceDetector with model pack 'buffalo_sc' on CPU...
2026-09-19 22:26:40,831 [INFO] [face_recognition.detector]: FaceDetector successfully initialized.
2026-09-19 22:26:40,836 [INFO] [face_recognition.embedder]: FaceEmbedder successfully initialized with ArcFace ONNX model.
2026-09-19 22:26:40,836 [INFO] [face_recognition.engine]: FaceEngine pipeline fully initialized.
2026-09-19 22:35:09,461 [INFO] [face_recognition.detector]: Initializing FaceDetector with model pack 'buffalo_sc' on CPU...
2026-09-19 22:35:09,579 [INFO] [face_recognition.detector]: FaceDetector successfully initialized.
2026-09-19 22:35:09,581 [INFO] [face_recognition.embedder]: FaceEmbedder successfully initialized with ArcFace ONNX model.
2026-09-19 22:35:09,584 [INFO] [face_recognition.engine]: FaceEngine pipeline fully initialized.
2026-09-19 22:35:21,613 [INFO] [face_recognition.detector]: Detected 0 face(s) with confidence >= 0.50
2026-09-19 22:35:21,613 [INFO] [face_recognition.recognition_service]: Recognition attempt: 0 faces detected (latency: 13.99 ms).
2026-09-19 22:35:30,140 [INFO] [face_recognition.detector]: Detected 0 face(s) with confidence >= 0.45
2026-09-19 22:37:46,538 [INFO] [face_recognition.detector]: Initializing FaceDetector with model pack 'buffalo_sc' on CPU...
2026-09-19 22:37:46,682 [INFO] [face_recognition.detector]: FaceDetector successfully initialized.
2026-09-19 22:37:46,684 [INFO] [face_recognition.embedder]: FaceEmbedder successfully initialized with ArcFace ONNX model.
2026-09-19 22:37:46,684 [INFO] [face_recognition.engine]: FaceEngine pipeline fully initialized.
2026-09-19 22:37:46,702 [INFO] [face_recognition.detector]: Detected 0 face(s) with confidence >= 0.50
2026-09-19 22:37:55,225 [INFO] [face_recognition.detector]: Initializing FaceDetector with model pack 'buffalo_sc' on CPU...
2026-09-19 22:37:55,327 [INFO] [face_recognition.detector]: FaceDetector successfully initialized.
2026-09-19 22:37:55,328 [INFO] [face_recognition.embedder]: FaceEmbedder successfully initialized with ArcFace ONNX model.
2026-09-19 22:37:55,328 [INFO] [face_recognition.engine]: FaceEngine pipeline fully initialized.
2026-09-19 22:38:19,185 [INFO] [face_recognition.detector]: Initializing FaceDetector with model pack 'buffalo_sc' on CPU...
2026-09-19 22:38:19,292 [INFO] [face_recognition.detector]: FaceDetector successfully initialized.
2026-09-19 22:38:19,295 [INFO] [face_recognition.embedder]: FaceEmbedder successfully initialized with ArcFace ONNX model.
2026-09-19 22:38:19,296 [INFO] [face_recognition.engine]: FaceEngine pipeline fully initialized.
2026-09-19 22:38:19,929 [INFO] [face_recognition.detector]: Detected 1 face(s) with confidence >= 0.50
2026-09-19 22:43:25,372 [INFO] [face_recognition.detector]: Initializing FaceDetector with model pack 'buffalo_sc' on CPU...
2026-09-19 22:43:25,473 [INFO] [face_recognition.detector]: FaceDetector successfully initialized.
2026-09-19 22:43:25,478 [INFO] [face_recognition.embedder]: FaceEmbedder successfully initialized with ArcFace ONNX model.
2026-09-19 22:43:25,479 [INFO] [face_recognition.engine]: FaceEngine pipeline fully initialized.
2026-09-19 22:43:25,776 [INFO] [face_recognition.detector]: Detected 1 face(s) with confidence >= 0.45
2026-09-19 22:43:25,891 [INFO] [face_recognition.detector]: Detected 1 face(s) with confidence >= 0.45
2026-09-19 22:43:25,980 [INFO] [face_recognition.detector]: Detected 1 face(s) with confidence >= 0.45
2026-09-19 22:43:26,027 [INFO] [face_recognition.person_service]: Enrolled person 'Alice Johnson' (Code: person1, ID: 1) with 3 images and representative template.
2026-09-19 22:43:26,219 [INFO] [face_recognition.detector]: Detected 1 face(s) with confidence >= 0.45
2026-09-19 22:43:26,353 [INFO] [face_recognition.detector]: Detected 1 face(s) with confidence >= 0.45
2026-09-19 22:43:26,452 [INFO] [face_recognition.detector]: Detected 1 face(s) with confidence >= 0.45
2026-09-19 22:43:26,498 [INFO] [face_recognition.person_service]: Enrolled person 'Bob Lee' (Code: person2, ID: 2) with 3 images and representative template.
2026-09-19 22:43:26,615 [INFO] [face_recognition.detector]: Detected 1 face(s) with confidence >= 0.45
2026-09-19 22:43:26,669 [INFO] [face_recognition.detector]: Detected 1 face(s) with confidence >= 0.45
2026-09-19 22:43:26,737 [INFO] [face_recognition.detector]: Detected 1 face(s) with confidence >= 0.45
2026-09-19 22:43:26,804 [INFO] [face_recognition.person_service]: Enrolled person 'Carol Sharma' (Code: person3, ID: 3) with 3 images and representative template.
2026-09-19 22:43:39,908 [INFO] [face_recognition.detector]: Initializing FaceDetector with model pack 'buffalo_sc' on CPU...
2026-09-19 22:43:40,028 [INFO] [face_recognition.detector]: FaceDetector successfully initialized.
2026-09-19 22:43:40,029 [INFO] [face_recognition.embedder]: FaceEmbedder successfully initialized with ArcFace ONNX model.
2026-09-19 22:43:40,029 [INFO] [face_recognition.engine]: FaceEngine pipeline fully initialized.
2026-09-19 22:43:48,993 [INFO] [face_recognition.detector]: Initializing FaceDetector with model pack 'buffalo_sc' on CPU...
2026-09-19 22:43:49,109 [INFO] [face_recognition.detector]: FaceDetector successfully initialized.
2026-09-19 22:43:49,109 [INFO] [face_recognition.embedder]: FaceEmbedder successfully initialized with ArcFace ONNX model.
2026-09-19 22:43:49,110 [INFO] [face_recognition.engine]: FaceEngine pipeline fully initialized.
2026-09-19 22:43:49,383 [INFO] [face_recognition.detector]: Detected 1 face(s) with confidence >= 0.50
2026-09-19 22:43:49,403 [INFO] [face_recognition.recognition_service]: Matching 1 detected face(s) against 3 enrolled template(s)...
2026-09-19 22:43:49,406 [INFO] [face_recognition.matcher]: Identity match: 'Alice Johnson' (ID: 1) with similarity score 0.9962 >= threshold 0.6000
2026-09-19 22:43:49,426 [INFO] [face_recognition.recognition_service]: Recognition completed in 297.82 ms. Status: KNOWN. Best similarity: 0.9962 (threshold: 0.6000)
2026-09-19 22:43:49,524 [INFO] [face_recognition.detector]: Detected 1 face(s) with confidence >= 0.50
2026-09-19 22:43:49,524 [INFO] [face_recognition.recognition_service]: Matching 1 detected face(s) against 3 enrolled template(s)...
2026-09-19 22:43:49,526 [INFO] [face_recognition.matcher]: Identity match: 'Alice Johnson' (ID: 1) with similarity score 0.9926 >= threshold 0.6000
2026-09-19 22:43:49,545 [INFO] [face_recognition.recognition_service]: Recognition completed in 102.24 ms. Status: KNOWN. Best similarity: 0.9926 (threshold: 0.6000)
2026-09-19 22:43:49,593 [INFO] [face_recognition.detector]: Detected 1 face(s) with confidence >= 0.50
2026-09-19 22:43:49,599 [INFO] [face_recognition.recognition_service]: Matching 1 detected face(s) against 3 enrolled template(s)...
2026-09-19 22:43:49,599 [INFO] [face_recognition.matcher]: Identity match: 'Bob Lee' (ID: 2) with similarity score 0.9984 >= threshold 0.6000
2026-09-19 22:43:49,612 [INFO] [face_recognition.recognition_service]: Recognition completed in 56.91 ms. Status: KNOWN. Best similarity: 0.9984 (threshold: 0.6000)
2026-09-19 22:43:49,666 [INFO] [face_recognition.detector]: Detected 1 face(s) with confidence >= 0.50
2026-09-19 22:43:49,666 [INFO] [face_recognition.recognition_service]: Matching 1 detected face(s) against 3 enrolled template(s)...
2026-09-19 22:43:49,668 [INFO] [face_recognition.matcher]: Identity match: 'Bob Lee' (ID: 2) with similarity score 0.9935 >= threshold 0.6000
2026-09-19 22:43:49,682 [INFO] [face_recognition.recognition_service]: Recognition completed in 60.00 ms. Status: KNOWN. Best similarity: 0.9935 (threshold: 0.6000)
2026-09-19 22:43:49,774 [INFO] [face_recognition.detector]: Detected 1 face(s) with confidence >= 0.50
2026-09-19 22:43:49,776 [INFO] [face_recognition.recognition_service]: Matching 1 detected face(s) against 3 enrolled template(s)...
2026-09-19 22:43:49,780 [INFO] [face_recognition.matcher]: Identity match: 'Carol Sharma' (ID: 3) with similarity score 0.9957 >= threshold 0.6000
2026-09-19 22:43:49,797 [INFO] [face_recognition.recognition_service]: Recognition completed in 104.91 ms. Status: KNOWN. Best similarity: 0.9957 (threshold: 0.6000)
2026-09-19 22:43:49,918 [INFO] [face_recognition.detector]: Detected 1 face(s) with confidence >= 0.50
2026-09-19 22:43:49,918 [INFO] [face_recognition.recognition_service]: Matching 1 detected face(s) against 3 enrolled template(s)...
2026-09-19 22:43:49,920 [INFO] [face_recognition.matcher]: Identity match: 'Carol Sharma' (ID: 3) with similarity score 0.9971 >= threshold 0.6000
2026-09-19 22:43:49,940 [INFO] [face_recognition.recognition_service]: Recognition completed in 133.22 ms. Status: KNOWN. Best similarity: 0.9971 (threshold: 0.6000)
2026-09-19 22:43:50,012 [INFO] [face_recognition.detector]: Detected 1 face(s) with confidence >= 0.50
2026-09-19 22:43:50,014 [INFO] [face_recognition.recognition_service]: Matching 1 detected face(s) against 3 enrolled template(s)...
2026-09-19 22:43:50,016 [INFO] [face_recognition.matcher]: Unknown person rejected: highest similarity score 0.2676 is below threshold 0.6000
2026-09-19 22:43:50,038 [INFO] [face_recognition.recognition_service]: Recognition completed in 85.74 ms. Status: UNKNOWN. Best similarity: 0.2676 (threshold: 0.6000)
2026-09-19 22:43:50,136 [INFO] [face_recognition.detector]: Detected 1 face(s) with confidence >= 0.50
2026-09-19 22:43:50,136 [INFO] [face_recognition.recognition_service]: Matching 1 detected face(s) against 3 enrolled template(s)...
2026-09-19 22:43:50,138 [INFO] [face_recognition.matcher]: Unknown person rejected: highest similarity score 0.2654 is below threshold 0.6000
2026-09-19 22:43:50,183 [INFO] [face_recognition.recognition_service]: Recognition completed in 134.57 ms. Status: UNKNOWN. Best similarity: 0.2654 (threshold: 0.6000)
2026-09-19 22:43:50,260 [INFO] [face_recognition.detector]: Detected 1 face(s) with confidence >= 0.50
2026-09-19 22:43:50,263 [INFO] [face_recognition.recognition_service]: Matching 1 detected face(s) against 3 enrolled template(s)...
2026-09-19 22:43:50,264 [INFO] [face_recognition.matcher]: Unknown person rejected: highest similarity score 0.2693 is below threshold 0.6000
2026-09-19 22:43:50,294 [INFO] [face_recognition.recognition_service]: Recognition completed in 99.13 ms. Status: UNKNOWN. Best similarity: 0.2693 (threshold: 0.6000)
2026-09-19 22:44:58,153 [INFO] [face_recognition.detector]: Initializing FaceDetector with model pack 'buffalo_sc' on CPU...
2026-09-19 22:44:58,302 [INFO] [face_recognition.detector]: FaceDetector successfully initialized.
2026-09-19 22:44:58,305 [INFO] [face_recognition.embedder]: FaceEmbedder successfully initialized with ArcFace ONNX model.
2026-09-19 22:44:58,305 [INFO] [face_recognition.engine]: FaceEngine pipeline fully initialized.
2026-09-19 22:44:58,583 [INFO] [face_recognition.detector]: Detected 1 face(s) with confidence >= 0.50
2026-09-19 22:44:58,586 [INFO] [face_recognition.matcher]: Identity match: 'Alice Johnson' (ID: 1) with similarity score 0.9962 >= threshold 0.5000
2026-09-19 22:44:58,721 [INFO] [face_recognition.detector]: Detected 1 face(s) with confidence >= 0.50
2026-09-19 22:44:58,722 [INFO] [face_recognition.matcher]: Identity match: 'Alice Johnson' (ID: 1) with similarity score 0.9926 >= threshold 0.5000
2026-09-19 22:44:58,831 [INFO] [face_recognition.detector]: Detected 1 face(s) with confidence >= 0.50
2026-09-19 22:44:58,835 [INFO] [face_recognition.matcher]: Identity match: 'Bob Lee' (ID: 2) with similarity score 0.9984 >= threshold 0.5000
2026-09-19 22:44:58,913 [INFO] [face_recognition.detector]: Detected 1 face(s) with confidence >= 0.50
2026-09-19 22:44:58,915 [INFO] [face_recognition.matcher]: Identity match: 'Bob Lee' (ID: 2) with similarity score 0.9935 >= threshold 0.5000
2026-09-19 22:44:59,045 [INFO] [face_recognition.detector]: Detected 1 face(s) with confidence >= 0.50
2026-09-19 22:44:59,047 [INFO] [face_recognition.matcher]: Identity match: 'Carol Sharma' (ID: 3) with similarity score 0.9957 >= threshold 0.5000
2026-09-19 22:44:59,185 [INFO] [face_recognition.detector]: Detected 1 face(s) with confidence >= 0.50
2026-09-19 22:44:59,186 [INFO] [face_recognition.matcher]: Identity match: 'Carol Sharma' (ID: 3) with similarity score 0.9971 >= threshold 0.5000
2026-09-19 22:44:59,314 [INFO] [face_recognition.detector]: Detected 1 face(s) with confidence >= 0.50
2026-09-19 22:44:59,316 [INFO] [face_recognition.matcher]: Unknown person rejected: highest similarity score 0.2676 is below threshold 0.5000
2026-09-19 22:44:59,385 [INFO] [face_recognition.detector]: Detected 1 face(s) with confidence >= 0.50
2026-09-19 22:44:59,387 [INFO] [face_recognition.matcher]: Unknown person rejected: highest similarity score 0.2654 is below threshold 0.5000
2026-09-19 22:44:59,469 [INFO] [face_recognition.detector]: Detected 1 face(s) with confidence >= 0.50
2026-09-19 22:44:59,473 [INFO] [face_recognition.matcher]: Unknown person rejected: highest similarity score 0.2693 is below threshold 0.5000
2026-09-19 22:47:39,114 [INFO] [face_recognition.detector]: Initializing FaceDetector with model pack 'buffalo_sc' on CPU...
2026-09-19 22:47:39,229 [INFO] [face_recognition.detector]: FaceDetector successfully initialized.
2026-09-19 22:47:39,230 [INFO] [face_recognition.embedder]: FaceEmbedder successfully initialized with ArcFace ONNX model.
2026-09-19 22:47:39,231 [INFO] [face_recognition.engine]: FaceEngine pipeline fully initialized.
2026-09-19 22:55:44,863 [INFO] [face_recognition.detector]: Initializing FaceDetector with model pack 'buffalo_sc' on CPU...
2026-09-19 22:55:45,073 [INFO] [face_recognition.detector]: FaceDetector successfully initialized.
2026-09-19 22:55:45,075 [INFO] [face_recognition.embedder]: FaceEmbedder successfully initialized with ArcFace ONNX model.
2026-09-19 22:55:45,075 [INFO] [face_recognition.engine]: FaceEngine pipeline fully initialized.
2026-09-19 22:55:54,924 [INFO] [face_recognition.detector]: Initializing FaceDetector with model pack 'buffalo_sc' on CPU...
2026-09-19 22:55:55,113 [INFO] [face_recognition.detector]: FaceDetector successfully initialized.
2026-09-19 22:55:55,117 [INFO] [face_recognition.embedder]: FaceEmbedder successfully initialized with ArcFace ONNX model.
2026-09-19 22:55:55,118 [INFO] [face_recognition.engine]: FaceEngine pipeline fully initialized.
2026-09-19 22:56:31,955 [INFO] [face_recognition.detector]: Initializing FaceDetector with model pack 'buffalo_sc' on CPU...
2026-09-19 23:11:27,384 [INFO] [face_recognition.detector]: Initializing FaceDetector with model pack 'buffalo_sc' on CPU...
2026-09-19 23:11:27,716 [INFO] [face_recognition.detector]: FaceDetector successfully initialized.
2026-09-19 23:11:27,730 [INFO] [face_recognition.embedder]: FaceEmbedder successfully initialized with ArcFace ONNX model.
2026-09-19 23:11:27,730 [INFO] [face_recognition.engine]: FaceEngine pipeline fully initialized.
2026-09-19 23:11:40,094 [INFO] [face_recognition.detector]: Initializing FaceDetector with model pack 'buffalo_sc' on CPU...
2026-09-19 23:11:40,254 [INFO] [face_recognition.detector]: FaceDetector successfully initialized.
2026-09-19 23:11:40,261 [INFO] [face_recognition.embedder]: FaceEmbedder successfully initialized with ArcFace ONNX model.
2026-09-19 23:11:40,261 [INFO] [face_recognition.engine]: FaceEngine pipeline fully initialized.
2026-09-19 23:11:55,257 [INFO] [face_recognition.detector]: Initializing FaceDetector with model pack 'buffalo_sc' on CPU...
2026-09-19 23:11:55,419 [INFO] [face_recognition.detector]: FaceDetector successfully initialized.
2026-09-19 23:11:55,422 [INFO] [face_recognition.embedder]: FaceEmbedder successfully initialized with ArcFace ONNX model.
2026-09-19 23:11:55,423 [INFO] [face_recognition.engine]: FaceEngine pipeline fully initialized.
2026-09-19 23:12:01,526 [INFO] [face_recognition.detector]: Detected 1 face(s) with confidence >= 0.45
2026-09-19 23:12:01,677 [INFO] [face_recognition.detector]: Detected 1 face(s) with confidence >= 0.45
2026-09-19 23:12:01,857 [INFO] [face_recognition.detector]: Detected 1 face(s) with confidence >= 0.45
2026-09-19 23:12:01,916 [INFO] [face_recognition.person_service]: Enrolled person 'Alice Johnson' (Code: person1, ID: 1) with 3 images and representative template.
2026-09-19 23:12:02,143 [INFO] [face_recognition.detector]: Detected 1 face(s) with confidence >= 0.45
2026-09-19 23:12:02,269 [INFO] [face_recognition.detector]: Detected 1 face(s) with confidence >= 0.45
2026-09-19 23:12:02,356 [INFO] [face_recognition.detector]: Detected 1 face(s) with confidence >= 0.45
2026-09-19 23:12:02,409 [INFO] [face_recognition.person_service]: Enrolled person 'Bob Lee' (Code: person2, ID: 2) with 3 images and representative template.
2026-09-19 23:12:02,751 [INFO] [face_recognition.detector]: Detected 1 face(s) with confidence >= 0.45
2026-09-19 23:12:02,872 [INFO] [face_recognition.detector]: Detected 1 face(s) with confidence >= 0.45
2026-09-19 23:12:03,045 [INFO] [face_recognition.detector]: Detected 1 face(s) with confidence >= 0.45
2026-09-19 23:12:03,082 [INFO] [face_recognition.person_service]: Enrolled person 'Carol Sharma' (Code: person3, ID: 3) with 3 images and representative template.
2026-09-19 23:12:08,854 [INFO] [face_recognition.detector]: Initializing FaceDetector with model pack 'buffalo_sc' on CPU...
2026-09-19 23:12:09,030 [INFO] [face_recognition.detector]: FaceDetector successfully initialized.
2026-09-19 23:12:09,033 [INFO] [face_recognition.embedder]: FaceEmbedder successfully initialized with ArcFace ONNX model.
2026-09-19 23:12:09,034 [INFO] [face_recognition.engine]: FaceEngine pipeline fully initialized.
2026-09-19 23:12:19,594 [INFO] [face_recognition.detector]: Detected 1 face(s) with confidence >= 0.50
2026-09-19 23:12:19,598 [INFO] [face_recognition.matcher]: Identity match: 'Alice Johnson' (ID: 1) with similarity score 0.9929 >= threshold 0.5000
2026-09-19 23:12:19,798 [INFO] [face_recognition.detector]: Detected 1 face(s) with confidence >= 0.50
2026-09-19 23:12:19,800 [INFO] [face_recognition.matcher]: Identity match: 'Alice Johnson' (ID: 1) with similarity score 0.9910 >= threshold 0.5000
2026-09-19 23:12:20,041 [INFO] [face_recognition.detector]: Detected 1 face(s) with confidence >= 0.50
2026-09-19 23:12:20,043 [INFO] [face_recognition.matcher]: Identity match: 'Bob Lee' (ID: 2) with similarity score 0.9947 >= threshold 0.5000
2026-09-19 23:12:20,258 [INFO] [face_recognition.detector]: Detected 1 face(s) with confidence >= 0.50
2026-09-19 23:12:20,260 [INFO] [face_recognition.matcher]: Identity match: 'Bob Lee' (ID: 2) with similarity score 0.9908 >= threshold 0.5000
2026-09-19 23:12:20,418 [INFO] [face_recognition.detector]: Detected 1 face(s) with confidence >= 0.50
2026-09-19 23:12:20,420 [INFO] [face_recognition.matcher]: Identity match: 'Carol Sharma' (ID: 3) with similarity score 0.9918 >= threshold 0.5000
2026-09-19 23:12:20,640 [INFO] [face_recognition.detector]: Detected 1 face(s) with confidence >= 0.50
2026-09-19 23:12:20,645 [INFO] [face_recognition.matcher]: Identity match: 'Carol Sharma' (ID: 3) with similarity score 0.9943 >= threshold 0.5000
2026-09-19 23:12:20,768 [INFO] [face_recognition.detector]: Detected 1 face(s) with confidence >= 0.50
2026-09-19 23:12:20,770 [INFO] [face_recognition.matcher]: Unknown person rejected: highest similarity score 0.2718 is below threshold 0.5000
2026-09-19 23:12:20,934 [INFO] [face_recognition.detector]: Detected 1 face(s) with confidence >= 0.50
2026-09-19 23:12:20,936 [INFO] [face_recognition.matcher]: Unknown person rejected: highest similarity score 0.2686 is below threshold 0.5000
2026-09-19 23:12:21,209 [INFO] [face_recognition.detector]: Detected 1 face(s) with confidence >= 0.50
2026-09-19 23:12:21,213 [INFO] [face_recognition.matcher]: Unknown person rejected: highest similarity score 0.2737 is below threshold 0.5000
2026-09-19 23:15:34,786 [INFO] [face_recognition.detector]: Detected 1 face(s) with confidence >= 0.50
2026-09-19 23:15:34,788 [INFO] [face_recognition.recognition_service]: Matching 1 detected face(s) against 3 enrolled template(s)...
2026-09-19 23:15:34,790 [INFO] [face_recognition.matcher]: Identity match: 'Alice Johnson' (ID: 1) with similarity score 0.9929 >= threshold 0.5000
2026-09-19 23:15:34,830 [INFO] [face_recognition.recognition_service]: Recognition completed in 122.03 ms. Status: KNOWN. Best similarity: 0.9929 (threshold: 0.5000)
2026-09-19 23:15:38,718 [INFO] [face_recognition.detector]: Detected 1 face(s) with confidence >= 0.50
2026-09-19 23:15:38,720 [INFO] [face_recognition.recognition_service]: Matching 1 detected face(s) against 3 enrolled template(s)...
2026-09-19 23:15:38,720 [INFO] [face_recognition.matcher]: Unknown person rejected: highest similarity score 0.2718 is below threshold 0.5000
2026-09-19 23:15:38,738 [INFO] [face_recognition.recognition_service]: Recognition completed in 112.20 ms. Status: UNKNOWN. Best similarity: 0.2718 (threshold: 0.5000)
2026-09-19 23:16:00,090 [INFO] [face_recognition.detector]: Initializing FaceDetector with model pack 'buffalo_sc' on CPU...
2026-09-19 23:16:00,254 [INFO] [face_recognition.detector]: FaceDetector successfully initialized.
2026-09-19 23:16:00,265 [INFO] [face_recognition.embedder]: FaceEmbedder successfully initialized with ArcFace ONNX model.
2026-09-19 23:16:00,265 [INFO] [face_recognition.engine]: FaceEngine pipeline fully initialized.
2026-09-19 23:27:48,974 [INFO] [face_recognition.detector]: Initializing FaceDetector with model pack 'buffalo_sc' on CPU...
2026-09-19 23:27:49,118 [INFO] [face_recognition.detector]: FaceDetector successfully initialized.
2026-09-19 23:27:49,126 [INFO] [face_recognition.embedder]: FaceEmbedder successfully initialized with ArcFace ONNX model.
2026-09-19 23:27:49,126 [INFO] [face_recognition.engine]: FaceEngine pipeline fully initialized.
2026-09-19 23:28:02,246 [INFO] [face_recognition.detector]: Detected 1 face(s) with confidence >= 0.50
2026-09-19 23:28:02,250 [INFO] [face_recognition.matcher]: Identity match: 'Alice Johnson' (ID: 1) with similarity score 0.9929 >= threshold 0.5000
2026-09-19 23:28:02,447 [INFO] [face_recognition.detector]: Detected 1 face(s) with confidence >= 0.50
2026-09-19 23:28:02,448 [INFO] [face_recognition.matcher]: Identity match: 'Alice Johnson' (ID: 1) with similarity score 0.9910 >= threshold 0.5000
2026-09-19 23:28:02,677 [INFO] [face_recognition.detector]: Detected 1 face(s) with confidence >= 0.50
2026-09-19 23:28:02,679 [INFO] [face_recognition.matcher]: Identity match: 'Bob Lee' (ID: 2) with similarity score 0.9947 >= threshold 0.5000
2026-09-19 23:28:02,869 [INFO] [face_recognition.detector]: Detected 1 face(s) with confidence >= 0.50
2026-09-19 23:28:02,875 [INFO] [face_recognition.matcher]: Identity match: 'Bob Lee' (ID: 2) with similarity score 0.9908 >= threshold 0.5000
2026-09-19 23:28:03,125 [INFO] [face_recognition.detector]: Detected 1 face(s) with confidence >= 0.50
2026-09-19 23:28:03,127 [INFO] [face_recognition.matcher]: Identity match: 'Carol Sharma' (ID: 3) with similarity score 0.9918 >= threshold 0.5000
2026-09-19 23:28:03,299 [INFO] [face_recognition.detector]: Detected 1 face(s) with confidence >= 0.50
2026-09-19 23:28:03,301 [INFO] [face_recognition.matcher]: Identity match: 'Carol Sharma' (ID: 3) with similarity score 0.9943 >= threshold 0.5000
2026-09-19 23:28:03,456 [INFO] [face_recognition.detector]: Detected 1 face(s) with confidence >= 0.50
2026-09-19 23:28:03,458 [INFO] [face_recognition.matcher]: Unknown person rejected: highest similarity score 0.2718 is below threshold 0.5000
2026-09-19 23:28:03,677 [INFO] [face_recognition.detector]: Detected 1 face(s) with confidence >= 0.50
2026-09-19 23:28:03,677 [INFO] [face_recognition.matcher]: Unknown person rejected: highest similarity score 0.2686 is below threshold 0.5000
2026-09-19 23:28:03,826 [INFO] [face_recognition.detector]: Detected 1 face(s) with confidence >= 0.50
2026-09-19 23:28:03,828 [INFO] [face_recognition.matcher]: Unknown person rejected: highest similarity score 0.2737 is below threshold 0.5000
2026-09-19 23:28:03,990 [INFO] [face_recognition.detector]: Detected 1 face(s) with confidence >= 0.50
2026-09-19 23:28:03,992 [INFO] [face_recognition.recognition_service]: Matching 1 detected face(s) against 3 enrolled template(s)...
2026-09-19 23:28:03,993 [INFO] [face_recognition.matcher]: Identity match: 'Alice Johnson' (ID: 1) with similarity score 0.9929 >= threshold 0.5000
2026-09-19 23:28:04,082 [INFO] [face_recognition.recognition_service]: Recognition completed in 240.83 ms. Status: KNOWN. Best similarity: 0.9929 (threshold: 0.5000)
2026-09-19 23:28:04,186 [INFO] [face_recognition.detector]: Detected 1 face(s) with confidence >= 0.50
2026-09-19 23:28:04,190 [INFO] [face_recognition.recognition_service]: Matching 1 detected face(s) against 3 enrolled template(s)...
2026-09-19 23:28:04,192 [INFO] [face_recognition.matcher]: Unknown person rejected: highest similarity score 0.2718 is below threshold 0.5000
2026-09-19 23:28:04,222 [INFO] [face_recognition.recognition_service]: Recognition completed in 127.46 ms. Status: UNKNOWN. Best similarity: 0.2718 (threshold: 0.5000)
2026-09-19 23:30:25,106 [INFO] [face_recognition.detector]: Initializing FaceDetector with model pack 'buffalo_sc' on CPU...
2026-09-19 23:30:25,262 [INFO] [face_recognition.detector]: FaceDetector successfully initialized.
2026-09-19 23:30:25,266 [INFO] [face_recognition.embedder]: FaceEmbedder successfully initialized with ArcFace ONNX model.
2026-09-19 23:30:25,266 [INFO] [face_recognition.engine]: FaceEngine pipeline fully initialized.
2026-09-19 23:30:27,544 [INFO] [face_recognition.detector]: Initializing FaceDetector with model pack 'buffalo_sc' on CPU...
2026-09-19 23:30:27,722 [INFO] [face_recognition.detector]: FaceDetector successfully initialized.
2026-09-19 23:30:27,727 [INFO] [face_recognition.embedder]: FaceEmbedder successfully initialized with ArcFace ONNX model.
2026-09-19 23:30:27,728 [INFO] [face_recognition.engine]: FaceEngine pipeline fully initialized.
2026-09-19 23:40:50,781 [INFO] [face_recognition.detector]: Initializing FaceDetector with model pack 'buffalo_sc' on CPU...
2026-09-19 23:40:50,956 [INFO] [face_recognition.detector]: FaceDetector successfully initialized.
2026-09-19 23:40:50,956 [INFO] [face_recognition.embedder]: FaceEmbedder successfully initialized with ArcFace ONNX model.
2026-09-19 23:40:50,956 [INFO] [face_recognition.engine]: FaceEngine pipeline fully initialized.
2026-09-19 23:40:51,100 [INFO] [httpx]: HTTP Request: POST http://testserver/api/evaluate/run "HTTP/1.1 200 OK"
2026-09-19 23:44:53,393 [INFO] [face_recognition.detector]: Initializing FaceDetector with model pack 'buffalo_sc' on CPU...
2026-09-19 23:44:53,560 [INFO] [face_recognition.detector]: FaceDetector successfully initialized.
2026-09-19 23:44:53,570 [INFO] [face_recognition.embedder]: FaceEmbedder successfully initialized with ArcFace ONNX model.
2026-09-19 23:44:53,570 [INFO] [face_recognition.engine]: FaceEngine pipeline fully initialized.
2026-09-19 23:44:54,010 [INFO] [face_recognition.detector]: Detected 1 face(s) with confidence >= 0.45
2026-09-19 23:44:54,181 [INFO] [face_recognition.detector]: Detected 1 face(s) with confidence >= 0.45
2026-09-19 23:44:54,429 [INFO] [face_recognition.detector]: Detected 1 face(s) with confidence >= 0.45
2026-09-19 23:44:54,479 [INFO] [face_recognition.person_service]: Enrolled person 'Alice Johnson' (Code: person1, ID: 1) with 3 images and representative template.
2026-09-19 23:44:54,753 [INFO] [face_recognition.detector]: Detected 1 face(s) with confidence >= 0.45
2026-09-19 23:44:54,963 [INFO] [face_recognition.detector]: Detected 1 face(s) with confidence >= 0.45
2026-09-19 23:44:55,130 [INFO] [face_recognition.detector]: Detected 1 face(s) with confidence >= 0.45
2026-09-19 23:44:55,152 [INFO] [face_recognition.person_service]: Enrolled person 'Bob Lee' (Code: person2, ID: 2) with 3 images and representative template.
2026-09-19 23:44:55,414 [INFO] [face_recognition.detector]: Detected 1 face(s) with confidence >= 0.45
2026-09-19 23:44:55,610 [INFO] [face_recognition.detector]: Detected 1 face(s) with confidence >= 0.45
2026-09-19 23:44:55,793 [INFO] [face_recognition.detector]: Detected 1 face(s) with confidence >= 0.45
2026-09-19 23:44:55,825 [INFO] [face_recognition.person_service]: Enrolled person 'Carol Sharma' (Code: person3, ID: 3) with 3 images and representative template.
2026-09-19 23:45:00,491 [INFO] [face_recognition.detector]: Initializing FaceDetector with model pack 'buffalo_sc' on CPU...
2026-09-19 23:45:00,681 [INFO] [face_recognition.detector]: FaceDetector successfully initialized.
2026-09-19 23:45:00,684 [INFO] [face_recognition.embedder]: FaceEmbedder successfully initialized with ArcFace ONNX model.
2026-09-19 23:45:00,684 [INFO] [face_recognition.engine]: FaceEngine pipeline fully initialized.
2026-09-19 23:45:23,507 [INFO] [face_recognition.detector]: Initializing FaceDetector with model pack 'buffalo_sc' on CPU...
2026-09-19 23:45:23,668 [INFO] [face_recognition.detector]: FaceDetector successfully initialized.
2026-09-19 23:45:23,671 [INFO] [face_recognition.embedder]: FaceEmbedder successfully initialized with ArcFace ONNX model.
2026-09-19 23:45:23,671 [INFO] [face_recognition.engine]: FaceEngine pipeline fully initialized.
2026-09-19 23:45:23,984 [INFO] [face_recognition.detector]: Detected 1 face(s) with confidence >= 0.50
2026-09-19 23:45:23,987 [INFO] [face_recognition.matcher]: Identity match: 'Alice Johnson' (ID: 1) with similarity score 0.9929 >= threshold 0.5000
2026-09-19 23:45:24,188 [INFO] [face_recognition.detector]: Detected 1 face(s) with confidence >= 0.50
2026-09-19 23:45:24,190 [INFO] [face_recognition.matcher]: Identity match: 'Alice Johnson' (ID: 1) with similarity score 0.9910 >= threshold 0.5000
2026-09-19 23:45:24,446 [INFO] [face_recognition.detector]: Detected 1 face(s) with confidence >= 0.50
2026-09-19 23:45:24,448 [INFO] [face_recognition.matcher]: Identity match: 'Bob Lee' (ID: 2) with similarity score 0.9947 >= threshold 0.5000
2026-09-19 23:45:24,625 [INFO] [face_recognition.detector]: Detected 1 face(s) with confidence >= 0.50
2026-09-19 23:45:24,627 [INFO] [face_recognition.matcher]: Identity match: 'Bob Lee' (ID: 2) with similarity score 0.9908 >= threshold 0.5000
2026-09-19 23:45:24,827 [INFO] [face_recognition.detector]: Detected 1 face(s) with confidence >= 0.50
2026-09-19 23:45:24,829 [INFO] [face_recognition.matcher]: Identity match: 'Carol Sharma' (ID: 3) with similarity score 0.9918 >= threshold 0.5000
2026-09-19 23:45:24,939 [INFO] [face_recognition.detector]: Detected 1 face(s) with confidence >= 0.50
2026-09-19 23:45:24,943 [INFO] [face_recognition.matcher]: Identity match: 'Carol Sharma' (ID: 3) with similarity score 0.9943 >= threshold 0.5000
2026-09-19 23:45:25,169 [INFO] [face_recognition.detector]: Detected 1 face(s) with confidence >= 0.50
2026-09-19 23:45:25,173 [INFO] [face_recognition.matcher]: Unknown person rejected: highest similarity score 0.2718 is below threshold 0.5000
2026-09-19 23:45:25,343 [INFO] [face_recognition.detector]: Detected 1 face(s) with confidence >= 0.50
2026-09-19 23:45:25,345 [INFO] [face_recognition.matcher]: Unknown person rejected: highest similarity score 0.2686 is below threshold 0.5000
2026-09-19 23:45:25,476 [INFO] [face_recognition.detector]: Detected 1 face(s) with confidence >= 0.50
2026-09-19 23:45:25,478 [INFO] [face_recognition.matcher]: Unknown person rejected: highest similarity score 0.2737 is below threshold 0.5000
2026-09-19 23:47:45,048 [INFO] [face_recognition.detector]: Initializing FaceDetector with model pack 'buffalo_sc' on CPU...
2026-09-19 23:47:45,210 [INFO] [face_recognition.detector]: FaceDetector successfully initialized.
2026-09-19 23:47:45,215 [INFO] [face_recognition.embedder]: FaceEmbedder successfully initialized with ArcFace ONNX model.
2026-09-19 23:47:45,216 [INFO] [face_recognition.engine]: FaceEngine pipeline fully initialized.
2026-09-19 23:47:45,335 [INFO] [httpx]: HTTP Request: GET http://testserver/health "HTTP/1.1 200 OK"
2026-09-19 23:47:45,350 [INFO] [httpx]: HTTP Request: GET http://testserver/api/persons "HTTP/1.1 200 OK"
2026-09-19 23:48:52,148 [INFO] [face_recognition.detector]: Initializing FaceDetector with model pack 'buffalo_sc' on CPU...
2026-09-19 23:48:52,316 [INFO] [face_recognition.detector]: FaceDetector successfully initialized.
2026-09-19 23:48:52,320 [INFO] [face_recognition.embedder]: FaceEmbedder successfully initialized with ArcFace ONNX model.
2026-09-19 23:48:52,321 [INFO] [face_recognition.engine]: FaceEngine pipeline fully initialized.
2026-09-19 23:48:52,736 [INFO] [face_recognition.detector]: Detected 1 face(s) with confidence >= 0.45
2026-09-19 23:48:52,891 [INFO] [face_recognition.detector]: Detected 1 face(s) with confidence >= 0.45
2026-09-19 23:48:53,118 [INFO] [face_recognition.detector]: Detected 1 face(s) with confidence >= 0.45
2026-09-19 23:48:53,157 [INFO] [face_recognition.person_service]: Enrolled person 'Alice Johnson' (Code: person1, ID: 1) with 3 images and representative template.
2026-09-19 23:48:53,478 [INFO] [face_recognition.detector]: Detected 1 face(s) with confidence >= 0.45
2026-09-19 23:48:53,691 [INFO] [face_recognition.detector]: Detected 1 face(s) with confidence >= 0.45
2026-09-19 23:48:54,142 [INFO] [face_recognition.detector]: Detected 1 face(s) with confidence >= 0.45
2026-09-19 23:48:54,242 [INFO] [face_recognition.person_service]: Enrolled person 'Bob Lee' (Code: person2, ID: 2) with 3 images and representative template.
2026-09-19 23:48:55,034 [INFO] [face_recognition.detector]: Detected 1 face(s) with confidence >= 0.45
2026-09-19 23:48:55,489 [INFO] [face_recognition.detector]: Detected 1 face(s) with confidence >= 0.45
2026-09-19 23:48:55,993 [INFO] [face_recognition.detector]: Detected 1 face(s) with confidence >= 0.45
2026-09-19 23:48:56,086 [INFO] [face_recognition.person_service]: Enrolled person 'Carol Sharma' (Code: person3, ID: 3) with 3 images and representative template.
2026-09-19 23:50:54,940 [INFO] [face_recognition.detector]: Initializing FaceDetector with model pack 'buffalo_sc' on CPU...
2026-09-19 23:50:55,121 [INFO] [face_recognition.detector]: FaceDetector successfully initialized.
2026-09-19 23:50:55,121 [INFO] [face_recognition.embedder]: FaceEmbedder successfully initialized with ArcFace ONNX model.
2026-09-19 23:50:55,121 [INFO] [face_recognition.engine]: FaceEngine pipeline fully initialized.
2026-09-19 23:50:55,240 [INFO] [face_recognition.cleanup]: Retention cleanup daemon started. Interval: 86400 seconds, Retention: 30 days.
2026-09-19 23:50:55,240 [INFO] [face_recognition.cleanup]: Retention cleanup daemon thread launched (id=19560).
2026-09-19 23:50:55,240 [INFO] [face_recognition.cleanup]: Retention cleanup: scanning 'E:\Ritheesh\backend\data\thumbnails' for files older than 30 day(s).
2026-09-19 23:50:55,249 [INFO] [face_recognition.cleanup]: Retention cleanup: finished. Deleted 0 file(s).
2026-09-19 23:51:21,974 [INFO] [face_recognition.cleanup]: Retention cleanup daemon stopped.
2026-09-19 23:52:25,555 [INFO] [face_recognition.detector]: Initializing FaceDetector with model pack 'buffalo_sc' on CPU...
2026-09-19 23:52:25,726 [INFO] [face_recognition.detector]: FaceDetector successfully initialized.
2026-09-19 23:52:25,728 [INFO] [face_recognition.embedder]: FaceEmbedder successfully initialized with ArcFace ONNX model.
2026-09-19 23:52:25,728 [INFO] [face_recognition.engine]: FaceEngine pipeline fully initialized.
2026-09-19 23:52:25,826 [INFO] [face_recognition.cleanup]: Retention cleanup daemon started. Interval: 86400 seconds, Retention: 30 days.
2026-09-19 23:52:25,826 [INFO] [face_recognition.cleanup]: Retention cleanup daemon thread launched (id=2756).
2026-09-19 23:52:25,826 [INFO] [face_recognition.cleanup]: Retention cleanup: scanning 'E:\Ritheesh\backend\data\thumbnails' for files older than 30 day(s).
2026-09-19 23:52:25,826 [INFO] [face_recognition.cleanup]: Retention cleanup: finished. Deleted 0 file(s).
2026-09-19 23:53:26,265 [INFO] [face_recognition.detector]: Detected 1 face(s) with confidence >= 0.50
2026-09-19 23:53:26,289 [INFO] [face_recognition.recognition_service]: Matching 1 detected face(s) against 3 enrolled template(s)...
2026-09-19 23:53:26,299 [INFO] [face_recognition.matcher]: Unknown person rejected: highest similarity score 0.0449 is below threshold 0.5000
2026-09-19 23:53:26,355 [INFO] [face_recognition.recognition_service]: Recognition completed in 1512.82 ms. Status: UNKNOWN. Best similarity: 0.0449 (threshold: 0.5000)
2026-09-19 23:54:48,911 [INFO] [face_recognition.detector]: Detected 1 face(s) with confidence >= 0.45
2026-09-19 23:54:49,349 [INFO] [face_recognition.detector]: Detected 1 face(s) with confidence >= 0.45
2026-09-19 23:54:49,761 [INFO] [face_recognition.detector]: Detected 1 face(s) with confidence >= 0.45
2026-09-19 23:54:49,921 [INFO] [face_recognition.person_service]: Enrolled person 'Sachin NS' (Code: 123, ID: 4) with 3 images and representative template.
2026-09-19 23:55:20,314 [INFO] [face_recognition.detector]: Detected 1 face(s) with confidence >= 0.50
2026-09-19 23:55:20,337 [INFO] [face_recognition.recognition_service]: Matching 1 detected face(s) against 4 enrolled template(s)...
2026-09-19 23:55:20,355 [INFO] [face_recognition.matcher]: Identity match: 'Sachin NS' (ID: 4) with similarity score 0.5535 >= threshold 0.5000
2026-09-19 23:55:20,388 [INFO] [face_recognition.recognition_service]: Recognition completed in 457.02 ms. Status: KNOWN. Best similarity: 0.5535 (threshold: 0.5000)
2026-09-19 23:55:42,852 [INFO] [face_recognition.detector]: Detected 1 face(s) with confidence >= 0.50
2026-09-19 23:55:42,870 [INFO] [face_recognition.recognition_service]: Matching 1 detected face(s) against 4 enrolled template(s)...
2026-09-19 23:55:42,889 [INFO] [face_recognition.matcher]: Identity match: 'Sachin NS' (ID: 4) with similarity score 0.7450 >= threshold 0.5000
2026-09-19 23:55:42,938 [INFO] [face_recognition.recognition_service]: Recognition completed in 421.36 ms. Status: KNOWN. Best similarity: 0.7450 (threshold: 0.5000)
2026-09-19 23:56:20,524 [INFO] [face_recognition.detector]: Detected 1 face(s) with confidence >= 0.50
2026-09-19 23:56:20,550 [INFO] [face_recognition.recognition_service]: Matching 1 detected face(s) against 4 enrolled template(s)...
2026-09-19 23:56:20,587 [INFO] [face_recognition.matcher]: Unknown person rejected: highest similarity score 0.4522 is below threshold 0.5000
2026-09-19 23:56:20,644 [INFO] [face_recognition.recognition_service]: Recognition completed in 445.04 ms. Status: UNKNOWN. Best similarity: 0.4522 (threshold: 0.5000)
2026-09-19 23:56:30,679 [INFO] [face_recognition.detector]: Detected 1 face(s) with confidence >= 0.50
2026-09-19 23:56:30,699 [INFO] [face_recognition.recognition_service]: Matching 1 detected face(s) against 4 enrolled template(s)...
2026-09-19 23:56:30,734 [INFO] [face_recognition.matcher]: Unknown person rejected: highest similarity score 0.4317 is below threshold 0.5000
2026-09-19 23:56:30,788 [INFO] [face_recognition.recognition_service]: Recognition completed in 439.58 ms. Status: UNKNOWN. Best similarity: 0.4317 (threshold: 0.5000)
2026-09-19 23:56:44,252 [INFO] [face_recognition.detector]: Detected 2 face(s) with confidence >= 0.50
2026-09-19 23:56:44,259 [INFO] [face_recognition.recognition_service]: Matching 2 detected face(s) against 4 enrolled template(s)...
2026-09-19 23:56:44,269 [INFO] [face_recognition.matcher]: Identity match: 'Carol Sharma' (ID: 3) with similarity score 0.5959 >= threshold 0.5000
2026-09-19 23:56:44,286 [INFO] [face_recognition.matcher]: Unknown person rejected: highest similarity score 0.1958 is below threshold 0.5000
2026-09-19 23:56:44,329 [INFO] [face_recognition.recognition_service]: Recognition completed in 562.33 ms. Status: KNOWN. Best similarity: 0.5959 (threshold: 0.5000)
2026-09-19 23:57:33,686 [INFO] [face_recognition.detector]: Detected 1 face(s) with confidence >= 0.50
2026-09-19 23:57:33,710 [INFO] [face_recognition.matcher]: Identity match: 'Alice Johnson' (ID: 1) with similarity score 0.9929 >= threshold 0.5000
2026-09-19 23:57:34,062 [INFO] [face_recognition.detector]: Detected 1 face(s) with confidence >= 0.50
2026-09-19 23:57:34,077 [INFO] [face_recognition.matcher]: Identity match: 'Alice Johnson' (ID: 1) with similarity score 0.9910 >= threshold 0.5000
2026-09-19 23:57:34,453 [INFO] [face_recognition.detector]: Detected 1 face(s) with confidence >= 0.50
2026-09-19 23:57:34,475 [INFO] [face_recognition.matcher]: Identity match: 'Bob Lee' (ID: 2) with similarity score 0.9947 >= threshold 0.5000
2026-09-19 23:57:34,928 [INFO] [face_recognition.detector]: Detected 1 face(s) with confidence >= 0.50
2026-09-19 23:57:34,946 [INFO] [face_recognition.matcher]: Identity match: 'Bob Lee' (ID: 2) with similarity score 0.9908 >= threshold 0.5000
2026-09-19 23:57:35,348 [INFO] [face_recognition.detector]: Detected 1 face(s) with confidence >= 0.50
2026-09-19 23:57:35,363 [INFO] [face_recognition.matcher]: Identity match: 'Carol Sharma' (ID: 3) with similarity score 0.9918 >= threshold 0.5000
2026-09-19 23:57:35,753 [INFO] [face_recognition.detector]: Detected 1 face(s) with confidence >= 0.50
2026-09-19 23:57:35,769 [INFO] [face_recognition.matcher]: Identity match: 'Carol Sharma' (ID: 3) with similarity score 0.9943 >= threshold 0.5000
2026-09-19 23:57:36,185 [INFO] [face_recognition.detector]: Detected 1 face(s) with confidence >= 0.50
2026-09-19 23:57:36,199 [INFO] [face_recognition.matcher]: Unknown person rejected: highest similarity score 0.2718 is below threshold 0.5000
2026-09-19 23:57:36,594 [INFO] [face_recognition.detector]: Detected 1 face(s) with confidence >= 0.50
2026-09-19 23:57:36,619 [INFO] [face_recognition.matcher]: Unknown person rejected: highest similarity score 0.2686 is below threshold 0.5000
2026-09-19 23:57:36,996 [INFO] [face_recognition.detector]: Detected 1 face(s) with confidence >= 0.50
2026-09-19 23:57:37,021 [INFO] [face_recognition.matcher]: Unknown person rejected: highest similarity score 0.2737 is below threshold 0.5000
2026-09-19 23:57:37,687 [INFO] [face_recognition.detector]: Detected 1 face(s) with confidence >= 0.50
2026-09-19 23:57:37,703 [INFO] [face_recognition.matcher]: Identity match: 'Alice Johnson' (ID: 1) with similarity score 0.9929 >= threshold 0.5000
2026-09-19 23:57:38,085 [INFO] [face_recognition.detector]: Detected 1 face(s) with confidence >= 0.50
2026-09-19 23:57:38,111 [INFO] [face_recognition.matcher]: Identity match: 'Alice Johnson' (ID: 1) with similarity score 0.9910 >= threshold 0.5000
2026-09-19 23:57:38,460 [INFO] [face_recognition.detector]: Detected 1 face(s) with confidence >= 0.50
2026-09-19 23:57:38,481 [INFO] [face_recognition.matcher]: Identity match: 'Bob Lee' (ID: 2) with similarity score 0.9947 >= threshold 0.5000
2026-09-19 23:57:38,926 [INFO] [face_recognition.detector]: Detected 1 face(s) with confidence >= 0.50
2026-09-19 23:57:38,936 [INFO] [face_recognition.matcher]: Identity match: 'Bob Lee' (ID: 2) with similarity score 0.9908 >= threshold 0.5000
2026-09-19 23:57:39,326 [INFO] [face_recognition.detector]: Detected 1 face(s) with confidence >= 0.50
2026-09-19 23:57:39,343 [INFO] [face_recognition.matcher]: Identity match: 'Carol Sharma' (ID: 3) with similarity score 0.9918 >= threshold 0.5000
2026-09-19 23:57:39,727 [INFO] [face_recognition.detector]: Detected 1 face(s) with confidence >= 0.50
2026-09-19 23:57:39,744 [INFO] [face_recognition.matcher]: Identity match: 'Carol Sharma' (ID: 3) with similarity score 0.9943 >= threshold 0.5000
2026-09-19 23:57:40,168 [INFO] [face_recognition.detector]: Detected 1 face(s) with confidence >= 0.50
2026-09-19 23:57:40,184 [INFO] [face_recognition.matcher]: Unknown person rejected: highest similarity score 0.2718 is below threshold 0.5000
2026-09-19 23:57:40,568 [INFO] [face_recognition.detector]: Detected 1 face(s) with confidence >= 0.50
2026-09-19 23:57:40,586 [INFO] [face_recognition.matcher]: Unknown person rejected: highest similarity score 0.2686 is below threshold 0.5000
2026-09-19 23:57:40,935 [INFO] [face_recognition.detector]: Detected 1 face(s) with confidence >= 0.50
2026-09-19 23:57:40,952 [INFO] [face_recognition.matcher]: Unknown person rejected: highest similarity score 0.2737 is below threshold 0.5000
2026-09-19 23:59:17,985 [INFO] [face_recognition.detector]: Detected 1 face(s) with confidence >= 0.50
2026-09-19 23:59:18,002 [INFO] [face_recognition.recognition_service]: Matching 1 detected face(s) against 4 enrolled template(s)...
2026-09-19 23:59:18,035 [INFO] [face_recognition.matcher]: Identity match: 'Sachin NS' (ID: 4) with similarity score 0.9634 >= threshold 0.5000
2026-09-19 23:59:18,074 [INFO] [face_recognition.recognition_service]: Recognition completed in 370.94 ms. Status: KNOWN. Best similarity: 0.9634 (threshold: 0.5000)
2026-09-19 23:59:32,434 [INFO] [face_recognition.detector]: Detected 1 face(s) with confidence >= 0.50
2026-09-19 23:59:32,453 [INFO] [face_recognition.recognition_service]: Matching 1 detected face(s) against 4 enrolled template(s)...
2026-09-19 23:59:32,468 [INFO] [face_recognition.matcher]: Unknown person rejected: highest similarity score 0.3091 is below threshold 0.5000
2026-09-19 23:59:32,520 [INFO] [face_recognition.recognition_service]: Recognition completed in 414.79 ms. Status: UNKNOWN. Best similarity: 0.3091 (threshold: 0.5000)
2026-09-19 23:59:35,675 [INFO] [face_recognition.detector]: Detected 1 face(s) with confidence >= 0.50
2026-09-19 23:59:35,691 [INFO] [face_recognition.recognition_service]: Matching 1 detected face(s) against 4 enrolled template(s)...
2026-09-19 23:59:35,712 [INFO] [face_recognition.matcher]: Unknown person rejected: highest similarity score 0.4829 is below threshold 0.5000
2026-09-19 23:59:35,769 [INFO] [face_recognition.recognition_service]: Recognition completed in 467.98 ms. Status: UNKNOWN. Best similarity: 0.4829 (threshold: 0.5000)
2026-09-19 23:59:37,885 [INFO] [face_recognition.detector]: Detected 1 face(s) with confidence >= 0.50
2026-09-19 23:59:37,905 [INFO] [face_recognition.recognition_service]: Matching 1 detected face(s) against 4 enrolled template(s)...
2026-09-19 23:59:37,924 [INFO] [face_recognition.matcher]: Unknown person rejected: highest similarity score 0.3872 is below threshold 0.5000
2026-09-19 23:59:37,972 [INFO] [face_recognition.recognition_service]: Recognition completed in 458.72 ms. Status: UNKNOWN. Best similarity: 0.3872 (threshold: 0.5000)
2026-09-19 23:59:43,812 [INFO] [face_recognition.detector]: Detected 1 face(s) with confidence >= 0.50
2026-09-19 23:59:43,833 [INFO] [face_recognition.recognition_service]: Matching 1 detected face(s) against 4 enrolled template(s)...
2026-09-19 23:59:43,852 [INFO] [face_recognition.matcher]: Identity match: 'Sachin NS' (ID: 4) with similarity score 0.5555 >= threshold 0.5000
2026-09-19 23:59:43,889 [INFO] [face_recognition.recognition_service]: Recognition completed in 482.97 ms. Status: KNOWN. Best similarity: 0.5555 (threshold: 0.5000)
2026-09-19 23:59:59,105 [INFO] [face_recognition.detector]: Detected 1 face(s) with confidence >= 0.50
2026-09-19 23:59:59,122 [INFO] [face_recognition.recognition_service]: Matching 1 detected face(s) against 4 enrolled template(s)...
2026-09-19 23:59:59,147 [INFO] [face_recognition.matcher]: Identity match: 'Sachin NS' (ID: 4) with similarity score 0.5456 >= threshold 0.5000
2026-09-19 23:59:59,190 [INFO] [face_recognition.recognition_service]: Recognition completed in 402.49 ms. Status: KNOWN. Best similarity: 0.5456 (threshold: 0.5000)
2026-09-20 00:03:26,914 [INFO] [face_recognition.detector]: Detected 1 face(s) with confidence >= 0.50
2026-09-20 00:03:26,932 [INFO] [face_recognition.recognition_service]: Matching 1 detected face(s) against 4 enrolled template(s)...
2026-09-20 00:03:26,949 [INFO] [face_recognition.matcher]: Unknown person rejected: highest similarity score 0.1197 is below threshold 0.5000
2026-09-20 00:03:26,991 [INFO] [face_recognition.recognition_service]: Recognition completed in 393.68 ms. Status: UNKNOWN. Best similarity: 0.1197 (threshold: 0.5000)
2026-09-20 00:03:38,308 [INFO] [face_recognition.detector]: Detected 2 face(s) with confidence >= 0.50
2026-09-20 00:03:38,313 [INFO] [face_recognition.recognition_service]: Matching 2 detected face(s) against 4 enrolled template(s)...
2026-09-20 00:03:38,328 [INFO] [face_recognition.matcher]: Unknown person rejected: highest similarity score 0.2150 is below threshold 0.5000
2026-09-20 00:03:38,344 [INFO] [face_recognition.matcher]: Unknown person rejected: highest similarity score 0.1575 is below threshold 0.5000
2026-09-20 00:03:38,380 [INFO] [face_recognition.recognition_service]: Recognition completed in 518.36 ms. Status: UNKNOWN. Best similarity: 0.2150 (threshold: 0.5000)
2026-09-20 00:03:48,834 [INFO] [face_recognition.detector]: Detected 1 face(s) with confidence >= 0.50
2026-09-20 00:03:48,850 [INFO] [face_recognition.recognition_service]: Matching 1 detected face(s) against 4 enrolled template(s)...
2026-09-20 00:03:48,879 [INFO] [face_recognition.matcher]: Identity match: 'Sachin NS' (ID: 4) with similarity score 0.5620 >= threshold 0.5000
2026-09-20 00:03:48,928 [INFO] [face_recognition.recognition_service]: Recognition completed in 417.98 ms. Status: KNOWN. Best similarity: 0.5620 (threshold: 0.5000)
2026-09-20 00:04:21,237 [INFO] [face_recognition.detector]: Detected 1 face(s) with confidence >= 0.50
2026-09-20 00:04:21,260 [INFO] [face_recognition.recognition_service]: Matching 1 detected face(s) against 4 enrolled template(s)...
2026-09-20 00:04:21,280 [INFO] [face_recognition.matcher]: Identity match: 'Sachin NS' (ID: 4) with similarity score 0.5016 >= threshold 0.3800
2026-09-20 00:04:21,340 [INFO] [face_recognition.recognition_service]: Recognition completed in 348.50 ms. Status: KNOWN. Best similarity: 0.5016 (threshold: 0.3800)
2026-09-20 00:04:27,101 [INFO] [face_recognition.detector]: Detected 1 face(s) with confidence >= 0.50
2026-09-20 00:04:27,114 [INFO] [face_recognition.recognition_service]: Matching 1 detected face(s) against 4 enrolled template(s)...
2026-09-20 00:04:27,140 [INFO] [face_recognition.matcher]: Unknown person rejected: highest similarity score 0.5052 is below threshold 0.6500
2026-09-20 00:04:27,174 [INFO] [face_recognition.recognition_service]: Recognition completed in 381.32 ms. Status: UNKNOWN. Best similarity: 0.5052 (threshold: 0.6500)
2026-09-20 00:04:30,691 [INFO] [face_recognition.detector]: Detected 1 face(s) with confidence >= 0.50
2026-09-20 00:04:30,706 [INFO] [face_recognition.recognition_service]: Matching 1 detected face(s) against 4 enrolled template(s)...
2026-09-20 00:04:30,729 [INFO] [face_recognition.matcher]: Unknown person rejected: highest similarity score 0.5115 is below threshold 0.6500
2026-09-20 00:04:30,788 [INFO] [face_recognition.recognition_service]: Recognition completed in 375.49 ms. Status: UNKNOWN. Best similarity: 0.5115 (threshold: 0.6500)
2026-09-20 00:04:33,126 [INFO] [face_recognition.detector]: Detected 1 face(s) with confidence >= 0.50
2026-09-20 00:04:33,145 [INFO] [face_recognition.recognition_service]: Matching 1 detected face(s) against 4 enrolled template(s)...
2026-09-20 00:04:33,157 [INFO] [face_recognition.matcher]: Unknown person rejected: highest similarity score 0.5639 is below threshold 0.6500
2026-09-20 00:04:33,218 [INFO] [face_recognition.recognition_service]: Recognition completed in 389.64 ms. Status: UNKNOWN. Best similarity: 0.5639 (threshold: 0.6500)
2026-09-20 00:04:35,171 [INFO] [face_recognition.detector]: Detected 1 face(s) with confidence >= 0.50
2026-09-20 00:04:35,193 [INFO] [face_recognition.recognition_service]: Matching 1 detected face(s) against 4 enrolled template(s)...
2026-09-20 00:04:35,206 [INFO] [face_recognition.matcher]: Unknown person rejected: highest similarity score 0.4988 is below threshold 0.6500
2026-09-20 00:04:35,246 [INFO] [face_recognition.recognition_service]: Recognition completed in 371.40 ms. Status: UNKNOWN. Best similarity: 0.4988 (threshold: 0.6500)
2026-09-20 00:04:41,507 [INFO] [face_recognition.detector]: Detected 1 face(s) with confidence >= 0.50
2026-09-20 00:04:41,532 [INFO] [face_recognition.recognition_service]: Matching 1 detected face(s) against 4 enrolled template(s)...
2026-09-20 00:04:41,558 [INFO] [face_recognition.matcher]: Identity match: 'Sachin NS' (ID: 4) with similarity score 0.6564 >= threshold 0.6500
2026-09-20 00:04:41,628 [INFO] [face_recognition.recognition_service]: Recognition completed in 383.21 ms. Status: KNOWN. Best similarity: 0.6564 (threshold: 0.6500)
2026-09-20 00:06:59,652 [INFO] [face_recognition.detector]: Detected 1 face(s) with confidence >= 0.50
2026-09-20 00:06:59,668 [INFO] [face_recognition.matcher]: Identity match: 'Alice Johnson' (ID: 1) with similarity score 0.9929 >= threshold 0.5000
2026-09-20 00:07:00,018 [INFO] [face_recognition.detector]: Detected 1 face(s) with confidence >= 0.50
2026-09-20 00:07:00,043 [INFO] [face_recognition.matcher]: Identity match: 'Alice Johnson' (ID: 1) with similarity score 0.9910 >= threshold 0.5000
2026-09-20 00:07:00,328 [INFO] [face_recognition.detector]: Detected 1 face(s) with confidence >= 0.50
2026-09-20 00:07:00,345 [INFO] [face_recognition.matcher]: Identity match: 'Bob Lee' (ID: 2) with similarity score 0.9947 >= threshold 0.5000
2026-09-20 00:07:00,695 [INFO] [face_recognition.detector]: Detected 1 face(s) with confidence >= 0.50
2026-09-20 00:07:00,712 [INFO] [face_recognition.matcher]: Identity match: 'Bob Lee' (ID: 2) with similarity score 0.9908 >= threshold 0.5000
2026-09-20 00:07:01,046 [INFO] [face_recognition.detector]: Detected 1 face(s) with confidence >= 0.50
2026-09-20 00:07:01,062 [INFO] [face_recognition.matcher]: Identity match: 'Carol Sharma' (ID: 3) with similarity score 0.9918 >= threshold 0.5000
2026-09-20 00:07:01,351 [INFO] [face_recognition.detector]: Detected 1 face(s) with confidence >= 0.50
2026-09-20 00:07:01,368 [INFO] [face_recognition.matcher]: Identity match: 'Carol Sharma' (ID: 3) with similarity score 0.9943 >= threshold 0.5000
2026-09-20 00:07:01,717 [INFO] [face_recognition.detector]: Detected 1 face(s) with confidence >= 0.50
2026-09-20 00:07:01,731 [INFO] [face_recognition.matcher]: Unknown person rejected: highest similarity score 0.2718 is below threshold 0.5000
2026-09-20 00:07:02,051 [INFO] [face_recognition.detector]: Detected 1 face(s) with confidence >= 0.50
2026-09-20 00:07:02,076 [INFO] [face_recognition.matcher]: Unknown person rejected: highest similarity score 0.2686 is below threshold 0.5000
2026-09-20 00:07:02,450 [INFO] [face_recognition.detector]: Detected 1 face(s) with confidence >= 0.50
2026-09-20 00:07:02,450 [INFO] [face_recognition.matcher]: Unknown person rejected: highest similarity score 0.2737 is below threshold 0.5000
2026-09-20 00:07:02,792 [INFO] [face_recognition.detector]: Detected 1 face(s) with confidence >= 0.50
2026-09-20 00:07:02,814 [INFO] [face_recognition.matcher]: Identity match: 'Alice Johnson' (ID: 1) with similarity score 0.9929 >= threshold 0.5000
2026-09-20 00:07:03,125 [INFO] [face_recognition.detector]: Detected 1 face(s) with confidence >= 0.50
2026-09-20 00:07:03,143 [INFO] [face_recognition.matcher]: Identity match: 'Alice Johnson' (ID: 1) with similarity score 0.9910 >= threshold 0.5000
2026-09-20 00:07:03,475 [INFO] [face_recognition.detector]: Detected 1 face(s) with confidence >= 0.50
2026-09-20 00:07:03,485 [INFO] [face_recognition.matcher]: Identity match: 'Bob Lee' (ID: 2) with similarity score 0.9947 >= threshold 0.5000
2026-09-20 00:07:03,825 [INFO] [face_recognition.detector]: Detected 1 face(s) with confidence >= 0.50
2026-09-20 00:07:03,845 [INFO] [face_recognition.matcher]: Identity match: 'Bob Lee' (ID: 2) with similarity score 0.9908 >= threshold 0.5000
2026-09-20 00:07:04,187 [INFO] [face_recognition.detector]: Detected 1 face(s) with confidence >= 0.50
2026-09-20 00:07:04,192 [INFO] [face_recognition.matcher]: Identity match: 'Carol Sharma' (ID: 3) with similarity score 0.9918 >= threshold 0.5000
2026-09-20 00:07:04,558 [INFO] [face_recognition.detector]: Detected 1 face(s) with confidence >= 0.50
2026-09-20 00:07:04,575 [INFO] [face_recognition.matcher]: Identity match: 'Carol Sharma' (ID: 3) with similarity score 0.9943 >= threshold 0.5000
2026-09-20 00:07:04,875 [INFO] [face_recognition.detector]: Detected 1 face(s) with confidence >= 0.50
2026-09-20 00:07:04,892 [INFO] [face_recognition.matcher]: Unknown person rejected: highest similarity score 0.2718 is below threshold 0.5000
2026-09-20 00:07:05,222 [INFO] [face_recognition.detector]: Detected 1 face(s) with confidence >= 0.50
2026-09-20 00:07:05,239 [INFO] [face_recognition.matcher]: Unknown person rejected: highest similarity score 0.2686 is below threshold 0.5000
2026-09-20 00:07:05,552 [INFO] [face_recognition.detector]: Detected 1 face(s) with confidence >= 0.50
2026-09-20 00:07:05,568 [INFO] [face_recognition.matcher]: Unknown person rejected: highest similarity score 0.2737 is below threshold 0.5000
2026-09-20 09:14:17,496 [INFO] [face_recognition.cleanup]: Retention cleanup daemon stopped.
2026-09-20 09:50:29,548 [INFO] [face_recognition.detector]: Initializing FaceDetector with model pack 'buffalo_sc' on CPU...
2026-09-20 09:50:57,177 [INFO] [face_recognition.detector]: FaceDetector successfully initialized.
2026-09-20 09:50:57,192 [INFO] [face_recognition.embedder]: FaceEmbedder successfully initialized with ArcFace ONNX model.
2026-09-20 09:50:57,192 [INFO] [face_recognition.engine]: FaceEngine pipeline fully initialized.
2026-09-20 09:52:00,867 [INFO] [face_recognition.detector]: Initializing FaceDetector with model pack 'buffalo_sc' on CPU...
2026-09-20 09:52:00,998 [INFO] [face_recognition.detector]: FaceDetector successfully initialized.
2026-09-20 09:52:01,032 [INFO] [face_recognition.embedder]: FaceEmbedder successfully initialized with ArcFace ONNX model.
2026-09-20 09:52:01,032 [INFO] [face_recognition.engine]: FaceEngine pipeline fully initialized.
2026-09-20 09:52:01,556 [INFO] [face_recognition.cleanup]: Retention cleanup daemon started. Interval: 86400 seconds, Retention: 30 days.
2026-09-20 09:52:01,556 [INFO] [face_recognition.cleanup]: Retention cleanup daemon thread launched (id=12688).
2026-09-20 09:52:01,556 [INFO] [face_recognition.cleanup]: Retention cleanup: scanning 'C:\Users\Ritheesh k\Downloads\face_rec\Ritheesh\backend\data\thumbnails' for files older than 30 day(s).
2026-09-20 09:52:01,562 [INFO] [face_recognition.cleanup]: Retention cleanup: finished. Deleted 0 file(s).
2026-09-20 09:55:14,789 [INFO] [face_recognition.detector]: Detected 1 face(s) with confidence >= 0.50
2026-09-20 09:55:14,800 [INFO] [face_recognition.recognition_service]: Matching 1 detected face(s) against 4 enrolled template(s)...
2026-09-20 09:55:14,807 [INFO] [face_recognition.matcher]: Unknown person rejected: highest similarity score 0.2781 is below threshold 0.5000
2026-09-20 09:55:14,838 [INFO] [face_recognition.recognition_service]: Recognition completed in 335.30 ms. Status: UNKNOWN. Best similarity: 0.2781 (threshold: 0.5000)
2026-09-20 09:55:25,741 [INFO] [face_recognition.person_service]: Deleted person ID: 4
2026-09-20 09:56:06,080 [INFO] [face_recognition.detector]: Detected 1 face(s) with confidence >= 0.50
2026-09-20 09:56:06,082 [INFO] [face_recognition.matcher]: Identity match: 'Alice Johnson' (ID: 1) with similarity score 0.9928 >= threshold 0.5000
2026-09-20 09:56:06,406 [INFO] [face_recognition.detector]: Detected 1 face(s) with confidence >= 0.50
2026-09-20 09:56:06,408 [INFO] [face_recognition.matcher]: Identity match: 'Alice Johnson' (ID: 1) with similarity score 0.9910 >= threshold 0.5000
2026-09-20 09:56:06,724 [INFO] [face_recognition.detector]: Detected 1 face(s) with confidence >= 0.50
2026-09-20 09:56:06,726 [INFO] [face_recognition.matcher]: Identity match: 'Bob Lee' (ID: 2) with similarity score 0.9947 >= threshold 0.5000
2026-09-20 09:56:07,037 [INFO] [face_recognition.detector]: Detected 1 face(s) with confidence >= 0.50
2026-09-20 09:56:07,038 [INFO] [face_recognition.matcher]: Identity match: 'Bob Lee' (ID: 2) with similarity score 0.9908 >= threshold 0.5000
2026-09-20 09:56:07,361 [INFO] [face_recognition.detector]: Detected 1 face(s) with confidence >= 0.50
2026-09-20 09:56:07,367 [INFO] [face_recognition.matcher]: Identity match: 'Carol Sharma' (ID: 3) with similarity score 0.9918 >= threshold 0.5000
2026-09-20 09:56:07,678 [INFO] [face_recognition.detector]: Detected 1 face(s) with confidence >= 0.50
2026-09-20 09:56:07,680 [INFO] [face_recognition.matcher]: Identity match: 'Carol Sharma' (ID: 3) with similarity score 0.9943 >= threshold 0.5000
2026-09-20 09:56:07,997 [INFO] [face_recognition.detector]: Detected 1 face(s) with confidence >= 0.50
2026-09-20 09:56:07,998 [INFO] [face_recognition.matcher]: Unknown person rejected: highest similarity score 0.2718 is below threshold 0.5000
2026-09-20 09:56:08,330 [INFO] [face_recognition.detector]: Detected 1 face(s) with confidence >= 0.50
2026-09-20 09:56:08,336 [INFO] [face_recognition.matcher]: Unknown person rejected: highest similarity score 0.2686 is below threshold 0.5000
2026-09-20 09:56:08,670 [INFO] [face_recognition.detector]: Detected 1 face(s) with confidence >= 0.50
2026-09-20 09:56:08,677 [INFO] [face_recognition.matcher]: Unknown person rejected: highest similarity score 0.2737 is below threshold 0.5000
2026-09-20 09:56:09,092 [INFO] [face_recognition.detector]: Detected 1 face(s) with confidence >= 0.50
2026-09-20 09:56:09,098 [INFO] [face_recognition.matcher]: Identity match: 'Alice Johnson' (ID: 1) with similarity score 0.9928 >= threshold 0.5000
2026-09-20 09:56:09,489 [INFO] [face_recognition.detector]: Detected 1 face(s) with confidence >= 0.50
2026-09-20 09:56:09,496 [INFO] [face_recognition.matcher]: Identity match: 'Alice Johnson' (ID: 1) with similarity score 0.9910 >= threshold 0.5000
2026-09-20 09:56:09,872 [INFO] [face_recognition.detector]: Detected 1 face(s) with confidence >= 0.50
2026-09-20 09:56:09,878 [INFO] [face_recognition.matcher]: Identity match: 'Bob Lee' (ID: 2) with similarity score 0.9947 >= threshold 0.5000
2026-09-20 09:56:10,195 [INFO] [face_recognition.detector]: Detected 1 face(s) with confidence >= 0.50
2026-09-20 09:56:10,201 [INFO] [face_recognition.matcher]: Identity match: 'Bob Lee' (ID: 2) with similarity score 0.9908 >= threshold 0.5000
2026-09-20 09:56:10,520 [INFO] [face_recognition.detector]: Detected 1 face(s) with confidence >= 0.50
2026-09-20 09:56:10,526 [INFO] [face_recognition.matcher]: Identity match: 'Carol Sharma' (ID: 3) with similarity score 0.9918 >= threshold 0.5000
2026-09-20 09:56:10,877 [INFO] [face_recognition.detector]: Detected 1 face(s) with confidence >= 0.50
2026-09-20 09:56:10,881 [INFO] [face_recognition.matcher]: Identity match: 'Carol Sharma' (ID: 3) with similarity score 0.9943 >= threshold 0.5000
2026-09-20 09:56:11,200 [INFO] [face_recognition.detector]: Detected 1 face(s) with confidence >= 0.50
2026-09-20 09:56:11,202 [INFO] [face_recognition.matcher]: Unknown person rejected: highest similarity score 0.2718 is below threshold 0.5000
2026-09-20 09:56:11,518 [INFO] [face_recognition.detector]: Detected 1 face(s) with confidence >= 0.50
2026-09-20 09:56:11,520 [INFO] [face_recognition.matcher]: Unknown person rejected: highest similarity score 0.2686 is below threshold 0.5000
2026-09-20 09:56:11,804 [INFO] [face_recognition.detector]: Detected 1 face(s) with confidence >= 0.50
2026-09-20 09:56:11,805 [INFO] [face_recognition.matcher]: Unknown person rejected: highest similarity score 0.2737 is below threshold 0.5000
2026-09-20 09:56:45,709 [INFO] [face_recognition.detector]: Detected 1 face(s) with confidence >= 0.50
2026-09-20 09:56:45,715 [INFO] [face_recognition.matcher]: Identity match: 'Alice Johnson' (ID: 1) with similarity score 0.9928 >= threshold 0.5000
2026-09-20 09:56:46,015 [INFO] [face_recognition.detector]: Detected 1 face(s) with confidence >= 0.50
2026-09-20 09:56:46,021 [INFO] [face_recognition.matcher]: Identity match: 'Alice Johnson' (ID: 1) with similarity score 0.9910 >= threshold 0.5000
2026-09-20 09:56:46,313 [INFO] [face_recognition.detector]: Detected 1 face(s) with confidence >= 0.50
2026-09-20 09:56:46,314 [INFO] [face_recognition.matcher]: Identity match: 'Bob Lee' (ID: 2) with similarity score 0.9947 >= threshold 0.5000
2026-09-20 09:56:46,636 [INFO] [face_recognition.detector]: Detected 1 face(s) with confidence >= 0.50
2026-09-20 09:56:46,642 [INFO] [face_recognition.matcher]: Identity match: 'Bob Lee' (ID: 2) with similarity score 0.9908 >= threshold 0.5000
2026-09-20 09:56:46,922 [INFO] [face_recognition.detector]: Detected 1 face(s) with confidence >= 0.50
2026-09-20 09:56:46,926 [INFO] [face_recognition.matcher]: Identity match: 'Carol Sharma' (ID: 3) with similarity score 0.9918 >= threshold 0.5000
2026-09-20 09:56:47,217 [INFO] [face_recognition.detector]: Detected 1 face(s) with confidence >= 0.50
2026-09-20 09:56:47,223 [INFO] [face_recognition.matcher]: Identity match: 'Carol Sharma' (ID: 3) with similarity score 0.9943 >= threshold 0.5000
2026-09-20 09:56:47,521 [INFO] [face_recognition.detector]: Detected 1 face(s) with confidence >= 0.50
2026-09-20 09:56:47,526 [INFO] [face_recognition.matcher]: Unknown person rejected: highest similarity score 0.2718 is below threshold 0.5000
2026-09-20 09:56:47,821 [INFO] [face_recognition.detector]: Detected 1 face(s) with confidence >= 0.50
2026-09-20 09:56:47,828 [INFO] [face_recognition.matcher]: Unknown person rejected: highest similarity score 0.2686 is below threshold 0.5000
2026-09-20 09:56:48,120 [INFO] [face_recognition.detector]: Detected 1 face(s) with confidence >= 0.50
2026-09-20 09:56:48,126 [INFO] [face_recognition.matcher]: Unknown person rejected: highest similarity score 0.2737 is below threshold 0.5000
2026-09-20 09:56:48,492 [INFO] [face_recognition.detector]: Detected 1 face(s) with confidence >= 0.50
2026-09-20 09:56:48,494 [INFO] [face_recognition.matcher]: Identity match: 'Alice Johnson' (ID: 1) with similarity score 0.9928 >= threshold 0.5000
2026-09-20 09:56:48,782 [INFO] [face_recognition.detector]: Detected 1 face(s) with confidence >= 0.50
2026-09-20 09:56:48,788 [INFO] [face_recognition.matcher]: Identity match: 'Alice Johnson' (ID: 1) with similarity score 0.9910 >= threshold 0.5000
2026-09-20 09:56:49,087 [INFO] [face_recognition.detector]: Detected 1 face(s) with confidence >= 0.50
2026-09-20 09:56:49,088 [INFO] [face_recognition.matcher]: Identity match: 'Bob Lee' (ID: 2) with similarity score 0.9947 >= threshold 0.5000
2026-09-20 09:56:49,379 [INFO] [face_recognition.detector]: Detected 1 face(s) with confidence >= 0.50
2026-09-20 09:56:49,384 [INFO] [face_recognition.matcher]: Identity match: 'Bob Lee' (ID: 2) with similarity score 0.9908 >= threshold 0.5000
2026-09-20 09:56:49,676 [INFO] [face_recognition.detector]: Detected 1 face(s) with confidence >= 0.50
2026-09-20 09:56:49,682 [INFO] [face_recognition.matcher]: Identity match: 'Carol Sharma' (ID: 3) with similarity score 0.9918 >= threshold 0.5000
2026-09-20 09:56:49,992 [INFO] [face_recognition.detector]: Detected 1 face(s) with confidence >= 0.50
2026-09-20 09:56:50,000 [INFO] [face_recognition.matcher]: Identity match: 'Carol Sharma' (ID: 3) with similarity score 0.9943 >= threshold 0.5000
2026-09-20 09:56:50,349 [INFO] [face_recognition.detector]: Detected 1 face(s) with confidence >= 0.50
2026-09-20 09:56:50,356 [INFO] [face_recognition.matcher]: Unknown person rejected: highest similarity score 0.2718 is below threshold 0.5000
2026-09-20 09:56:50,606 [INFO] [face_recognition.detector]: Detected 1 face(s) with confidence >= 0.50
2026-09-20 09:56:50,612 [INFO] [face_recognition.matcher]: Unknown person rejected: highest similarity score 0.2686 is below threshold 0.5000
2026-09-20 09:56:50,906 [INFO] [face_recognition.detector]: Detected 1 face(s) with confidence >= 0.50
2026-09-20 09:56:50,912 [INFO] [face_recognition.matcher]: Unknown person rejected: highest similarity score 0.2737 is below threshold 0.5000
2026-09-20 09:57:11,474 [INFO] [face_recognition.detector]: Detected 1 face(s) with confidence >= 0.50
2026-09-20 09:57:11,481 [INFO] [face_recognition.matcher]: Identity match: 'Alice Johnson' (ID: 1) with similarity score 0.9928 >= threshold 0.5000
2026-09-20 09:57:11,728 [INFO] [face_recognition.detector]: Detected 1 face(s) with confidence >= 0.50
2026-09-20 09:57:11,734 [INFO] [face_recognition.matcher]: Identity match: 'Alice Johnson' (ID: 1) with similarity score 0.9910 >= threshold 0.5000
2026-09-20 09:57:12,042 [INFO] [face_recognition.detector]: Detected 1 face(s) with confidence >= 0.50
2026-09-20 09:57:12,047 [INFO] [face_recognition.matcher]: Identity match: 'Bob Lee' (ID: 2) with similarity score 0.9947 >= threshold 0.5000
2026-09-20 09:57:12,360 [INFO] [face_recognition.detector]: Detected 1 face(s) with confidence >= 0.50
2026-09-20 09:57:12,362 [INFO] [face_recognition.matcher]: Identity match: 'Bob Lee' (ID: 2) with similarity score 0.9908 >= threshold 0.5000
2026-09-20 09:57:12,643 [INFO] [face_recognition.detector]: Detected 1 face(s) with confidence >= 0.50
2026-09-20 09:57:12,644 [INFO] [face_recognition.matcher]: Identity match: 'Carol Sharma' (ID: 3) with similarity score 0.9918 >= threshold 0.5000
2026-09-20 09:57:12,918 [INFO] [face_recognition.detector]: Detected 1 face(s) with confidence >= 0.50
2026-09-20 09:57:12,925 [INFO] [face_recognition.matcher]: Identity match: 'Carol Sharma' (ID: 3) with similarity score 0.9943 >= threshold 0.5000
2026-09-20 09:57:13,236 [INFO] [face_recognition.detector]: Detected 1 face(s) with confidence >= 0.50
2026-09-20 09:57:13,242 [INFO] [face_recognition.matcher]: Unknown person rejected: highest similarity score 0.2718 is below threshold 0.5000
2026-09-20 09:57:13,556 [INFO] [face_recognition.detector]: Detected 1 face(s) with confidence >= 0.50
2026-09-20 09:57:13,562 [INFO] [face_recognition.matcher]: Unknown person rejected: highest similarity score 0.2686 is below threshold 0.5000
2026-09-20 09:57:13,884 [INFO] [face_recognition.detector]: Detected 1 face(s) with confidence >= 0.50
2026-09-20 09:57:13,889 [INFO] [face_recognition.matcher]: Unknown person rejected: highest similarity score 0.2737 is below threshold 0.5000
2026-09-20 09:57:14,230 [INFO] [face_recognition.detector]: Detected 1 face(s) with confidence >= 0.50
2026-09-20 09:57:14,236 [INFO] [face_recognition.matcher]: Identity match: 'Alice Johnson' (ID: 1) with similarity score 0.9928 >= threshold 0.5000
2026-09-20 09:57:14,570 [INFO] [face_recognition.detector]: Detected 1 face(s) with confidence >= 0.50
2026-09-20 09:57:14,572 [INFO] [face_recognition.matcher]: Identity match: 'Alice Johnson' (ID: 1) with similarity score 0.9910 >= threshold 0.5000
2026-09-20 09:57:14,855 [INFO] [face_recognition.detector]: Detected 1 face(s) with confidence >= 0.50
2026-09-20 09:57:14,857 [INFO] [face_recognition.matcher]: Identity match: 'Bob Lee' (ID: 2) with similarity score 0.9947 >= threshold 0.5000
2026-09-20 09:57:15,173 [INFO] [face_recognition.detector]: Detected 1 face(s) with confidence >= 0.50
2026-09-20 09:57:15,180 [INFO] [face_recognition.matcher]: Identity match: 'Bob Lee' (ID: 2) with similarity score 0.9908 >= threshold 0.5000
2026-09-20 09:57:15,525 [INFO] [face_recognition.detector]: Detected 1 face(s) with confidence >= 0.50
2026-09-20 09:57:15,527 [INFO] [face_recognition.matcher]: Identity match: 'Carol Sharma' (ID: 3) with similarity score 0.9918 >= threshold 0.5000
2026-09-20 09:57:15,820 [INFO] [face_recognition.detector]: Detected 1 face(s) with confidence >= 0.50
2026-09-20 09:57:15,822 [INFO] [face_recognition.matcher]: Identity match: 'Carol Sharma' (ID: 3) with similarity score 0.9943 >= threshold 0.5000
2026-09-20 09:57:16,126 [INFO] [face_recognition.detector]: Detected 1 face(s) with confidence >= 0.50
2026-09-20 09:57:16,132 [INFO] [face_recognition.matcher]: Unknown person rejected: highest similarity score 0.2718 is below threshold 0.5000
2026-09-20 09:57:16,449 [INFO] [face_recognition.detector]: Detected 1 face(s) with confidence >= 0.50
2026-09-20 09:57:16,455 [INFO] [face_recognition.matcher]: Unknown person rejected: highest similarity score 0.2686 is below threshold 0.5000
2026-09-20 09:57:16,763 [INFO] [face_recognition.detector]: Detected 1 face(s) with confidence >= 0.50
2026-09-20 09:57:16,769 [INFO] [face_recognition.matcher]: Unknown person rejected: highest similarity score 0.2737 is below threshold 0.5000
2026-09-20 09:57:34,403 [INFO] [face_recognition.detector]: Detected 1 face(s) with confidence >= 0.50
2026-09-20 09:57:34,405 [INFO] [face_recognition.matcher]: Identity match: 'Alice Johnson' (ID: 1) with similarity score 0.9928 >= threshold 0.5000
2026-09-20 09:57:34,709 [INFO] [face_recognition.detector]: Detected 1 face(s) with confidence >= 0.50
2026-09-20 09:57:34,711 [INFO] [face_recognition.matcher]: Identity match: 'Alice Johnson' (ID: 1) with similarity score 0.9910 >= threshold 0.5000
2026-09-20 09:57:34,988 [INFO] [face_recognition.detector]: Detected 1 face(s) with confidence >= 0.50
2026-09-20 09:57:34,994 [INFO] [face_recognition.matcher]: Identity match: 'Bob Lee' (ID: 2) with similarity score 0.9947 >= threshold 0.5000
2026-09-20 09:57:35,289 [INFO] [face_recognition.detector]: Detected 1 face(s) with confidence >= 0.50
2026-09-20 09:57:35,290 [INFO] [face_recognition.matcher]: Identity match: 'Bob Lee' (ID: 2) with similarity score 0.9908 >= threshold 0.5000
2026-09-20 09:57:35,543 [INFO] [face_recognition.detector]: Detected 1 face(s) with confidence >= 0.50
2026-09-20 09:57:35,548 [INFO] [face_recognition.matcher]: Identity match: 'Carol Sharma' (ID: 3) with similarity score 0.9918 >= threshold 0.5000
2026-09-20 09:57:35,821 [INFO] [face_recognition.detector]: Detected 1 face(s) with confidence >= 0.50
2026-09-20 09:57:35,827 [INFO] [face_recognition.matcher]: Identity match: 'Carol Sharma' (ID: 3) with similarity score 0.9943 >= threshold 0.5000
2026-09-20 09:57:36,064 [INFO] [face_recognition.detector]: Detected 1 face(s) with confidence >= 0.50
2026-09-20 09:57:36,070 [INFO] [face_recognition.matcher]: Unknown person rejected: highest similarity score 0.2718 is below threshold 0.5000
2026-09-20 09:57:36,259 [INFO] [face_recognition.detector]: Detected 1 face(s) with confidence >= 0.50
2026-09-20 09:57:36,260 [INFO] [face_recognition.matcher]: Unknown person rejected: highest similarity score 0.2686 is below threshold 0.5000
2026-09-20 09:57:36,448 [INFO] [face_recognition.detector]: Detected 1 face(s) with confidence >= 0.50
2026-09-20 09:57:36,454 [INFO] [face_recognition.matcher]: Unknown person rejected: highest similarity score 0.2737 is below threshold 0.5000
2026-09-20 09:57:36,669 [INFO] [face_recognition.detector]: Detected 1 face(s) with confidence >= 0.50
2026-09-20 09:57:36,670 [INFO] [face_recognition.matcher]: Identity match: 'Alice Johnson' (ID: 1) with similarity score 0.9928 >= threshold 0.5000
2026-09-20 09:57:36,879 [INFO] [face_recognition.detector]: Detected 1 face(s) with confidence >= 0.50
2026-09-20 09:57:36,880 [INFO] [face_recognition.matcher]: Identity match: 'Alice Johnson' (ID: 1) with similarity score 0.9910 >= threshold 0.5000
2026-09-20 09:57:37,068 [INFO] [face_recognition.detector]: Detected 1 face(s) with confidence >= 0.50
2026-09-20 09:57:37,069 [INFO] [face_recognition.matcher]: Identity match: 'Bob Lee' (ID: 2) with similarity score 0.9947 >= threshold 0.5000
2026-09-20 09:57:37,248 [INFO] [face_recognition.detector]: Detected 1 face(s) with confidence >= 0.50
2026-09-20 09:57:37,251 [INFO] [face_recognition.matcher]: Identity match: 'Bob Lee' (ID: 2) with similarity score 0.9908 >= threshold 0.5000
2026-09-20 09:57:37,440 [INFO] [face_recognition.detector]: Detected 1 face(s) with confidence >= 0.50
2026-09-20 09:57:37,441 [INFO] [face_recognition.matcher]: Identity match: 'Carol Sharma' (ID: 3) with similarity score 0.9918 >= threshold 0.5000
2026-09-20 09:57:37,631 [INFO] [face_recognition.detector]: Detected 1 face(s) with confidence >= 0.50
2026-09-20 09:57:37,632 [INFO] [face_recognition.matcher]: Identity match: 'Carol Sharma' (ID: 3) with similarity score 0.9943 >= threshold 0.5000
2026-09-20 09:57:37,831 [INFO] [face_recognition.detector]: Detected 1 face(s) with confidence >= 0.50
2026-09-20 09:57:37,833 [INFO] [face_recognition.matcher]: Unknown person rejected: highest similarity score 0.2718 is below threshold 0.5000
2026-09-20 09:57:37,966 [INFO] [face_recognition.detector]: Detected 1 face(s) with confidence >= 0.50
2026-09-20 09:57:37,967 [INFO] [face_recognition.matcher]: Unknown person rejected: highest similarity score 0.2686 is below threshold 0.5000
2026-09-20 09:57:38,129 [INFO] [face_recognition.detector]: Detected 1 face(s) with confidence >= 0.50
2026-09-20 09:57:38,130 [INFO] [face_recognition.matcher]: Unknown person rejected: highest similarity score 0.2737 is below threshold 0.5000
2026-09-20 10:11:08,874 [INFO] [face_recognition.detector]: Detected 1 face(s) with confidence >= 0.50
2026-09-20 10:11:08,881 [INFO] [face_recognition.recognition_service]: Matching 1 detected face(s) against 3 enrolled template(s)...
2026-09-20 10:11:08,888 [INFO] [face_recognition.matcher]: Unknown person rejected: highest similarity score -0.0354 is below threshold 0.5000
2026-09-20 10:11:08,914 [INFO] [face_recognition.recognition_service]: Recognition completed in 248.90 ms. Status: UNKNOWN. Best similarity: -0.0354 (threshold: 0.5000)
2026-09-20 10:12:26,064 [INFO] [face_recognition.detector]: Detected 1 face(s) with confidence >= 0.45
2026-09-20 10:12:26,616 [INFO] [face_recognition.detector]: Detected 1 face(s) with confidence >= 0.45
2026-09-20 10:12:27,233 [INFO] [face_recognition.detector]: Detected 1 face(s) with confidence >= 0.45
2026-09-20 10:12:27,729 [INFO] [face_recognition.person_service]: Enrolled person 'ritheesh' (Code: 2332, ID: 4) with 3 images and representative template.
2026-09-20 10:12:45,470 [INFO] [face_recognition.detector]: Detected 1 face(s) with confidence >= 0.50
2026-09-20 10:12:45,478 [INFO] [face_recognition.recognition_service]: Matching 1 detected face(s) against 4 enrolled template(s)...
2026-09-20 10:12:45,485 [INFO] [face_recognition.matcher]: Identity match: 'ritheesh' (ID: 4) with similarity score 0.8013 >= threshold 0.5000
2026-09-20 10:12:45,502 [INFO] [face_recognition.recognition_service]: Recognition completed in 180.27 ms. Status: KNOWN. Best similarity: 0.8013 (threshold: 0.5000)
2026-09-20 10:14:07,173 [INFO] [face_recognition.detector]: Detected 1 face(s) with confidence >= 0.50
2026-09-20 10:14:07,180 [INFO] [face_recognition.recognition_service]: Matching 1 detected face(s) against 4 enrolled template(s)...
2026-09-20 10:14:07,186 [INFO] [face_recognition.matcher]: Unknown person rejected: highest similarity score 0.3234 is below threshold 0.5000
2026-09-20 10:14:07,203 [INFO] [face_recognition.recognition_service]: Recognition completed in 188.56 ms. Status: UNKNOWN. Best similarity: 0.3234 (threshold: 0.5000)
2026-09-20 10:14:21,322 [INFO] [face_recognition.detector]: Detected 1 face(s) with confidence >= 0.50
2026-09-20 10:14:21,329 [INFO] [face_recognition.recognition_service]: Matching 1 detected face(s) against 4 enrolled template(s)...
2026-09-20 10:14:21,334 [INFO] [face_recognition.matcher]: Identity match: 'ritheesh' (ID: 4) with similarity score 0.8013 >= threshold 0.5000
2026-09-20 10:14:21,350 [INFO] [face_recognition.recognition_service]: Recognition completed in 174.38 ms. Status: KNOWN. Best similarity: 0.8013 (threshold: 0.5000)
2026-09-20 10:17:20,175 [INFO] [face_recognition.detector]: Detected 1 face(s) with confidence >= 0.50
2026-09-20 10:17:20,177 [INFO] [face_recognition.matcher]: Identity match: 'Alice Johnson' (ID: 1) with similarity score 0.9928 >= threshold 0.5000
2026-09-20 10:17:20,519 [INFO] [face_recognition.detector]: Detected 1 face(s) with confidence >= 0.50
2026-09-20 10:17:20,520 [INFO] [face_recognition.matcher]: Identity match: 'Alice Johnson' (ID: 1) with similarity score 0.9910 >= threshold 0.5000
2026-09-20 10:17:20,629 [INFO] [face_recognition.detector]: Detected 1 face(s) with confidence >= 0.50
2026-09-20 10:17:20,631 [INFO] [face_recognition.matcher]: Identity match: 'Bob Lee' (ID: 2) with similarity score 0.9947 >= threshold 0.5000
2026-09-20 10:17:20,748 [INFO] [face_recognition.detector]: Detected 1 face(s) with confidence >= 0.50
2026-09-20 10:17:20,749 [INFO] [face_recognition.matcher]: Identity match: 'Bob Lee' (ID: 2) with similarity score 0.9908 >= threshold 0.5000
2026-09-20 10:17:20,894 [INFO] [face_recognition.detector]: Detected 1 face(s) with confidence >= 0.50
2026-09-20 10:17:20,896 [INFO] [face_recognition.matcher]: Identity match: 'Carol Sharma' (ID: 3) with similarity score 0.9918 >= threshold 0.5000
2026-09-20 10:17:21,011 [INFO] [face_recognition.detector]: Detected 1 face(s) with confidence >= 0.50
2026-09-20 10:17:21,012 [INFO] [face_recognition.matcher]: Identity match: 'Carol Sharma' (ID: 3) with similarity score 0.9943 >= threshold 0.5000
2026-09-20 10:17:21,114 [INFO] [face_recognition.detector]: Detected 1 face(s) with confidence >= 0.50
2026-09-20 10:17:21,115 [INFO] [face_recognition.matcher]: Unknown person rejected: highest similarity score 0.2718 is below threshold 0.5000
2026-09-20 10:17:21,225 [INFO] [face_recognition.detector]: Detected 1 face(s) with confidence >= 0.50
2026-09-20 10:17:21,226 [INFO] [face_recognition.matcher]: Unknown person rejected: highest similarity score 0.2686 is below threshold 0.5000
2026-09-20 10:17:21,322 [INFO] [face_recognition.detector]: Detected 1 face(s) with confidence >= 0.50
2026-09-20 10:17:21,324 [INFO] [face_recognition.matcher]: Unknown person rejected: highest similarity score 0.2737 is below threshold 0.5000
2026-09-20 10:17:21,499 [INFO] [face_recognition.detector]: Detected 1 face(s) with confidence >= 0.50
2026-09-20 10:17:21,501 [INFO] [face_recognition.matcher]: Identity match: 'Alice Johnson' (ID: 1) with similarity score 0.9928 >= threshold 0.5000
2026-09-20 10:17:21,649 [INFO] [face_recognition.detector]: Detected 1 face(s) with confidence >= 0.50
2026-09-20 10:17:21,651 [INFO] [face_recognition.matcher]: Identity match: 'Alice Johnson' (ID: 1) with similarity score 0.9910 >= threshold 0.5000
2026-09-20 10:17:21,819 [INFO] [face_recognition.detector]: Detected 1 face(s) with confidence >= 0.50
2026-09-20 10:17:21,821 [INFO] [face_recognition.matcher]: Identity match: 'Bob Lee' (ID: 2) with similarity score 0.9947 >= threshold 0.5000
2026-09-20 10:17:22,016 [INFO] [face_recognition.detector]: Detected 1 face(s) with confidence >= 0.50
2026-09-20 10:17:22,023 [INFO] [face_recognition.matcher]: Identity match: 'Bob Lee' (ID: 2) with similarity score 0.9908 >= threshold 0.5000
2026-09-20 10:17:22,182 [INFO] [face_recognition.detector]: Detected 1 face(s) with confidence >= 0.50
2026-09-20 10:17:22,183 [INFO] [face_recognition.matcher]: Identity match: 'Carol Sharma' (ID: 3) with similarity score 0.9918 >= threshold 0.5000
2026-09-20 10:17:22,365 [INFO] [face_recognition.detector]: Detected 1 face(s) with confidence >= 0.50
2026-09-20 10:17:22,367 [INFO] [face_recognition.matcher]: Identity match: 'Carol Sharma' (ID: 3) with similarity score 0.9943 >= threshold 0.5000
2026-09-20 10:17:22,547 [INFO] [face_recognition.detector]: Detected 1 face(s) with confidence >= 0.50
2026-09-20 10:17:22,560 [INFO] [face_recognition.matcher]: Unknown person rejected: highest similarity score 0.2718 is below threshold 0.5000
2026-09-20 10:17:22,655 [INFO] [face_recognition.detector]: Detected 1 face(s) with confidence >= 0.50
2026-09-20 10:17:22,656 [INFO] [face_recognition.matcher]: Unknown person rejected: highest similarity score 0.2686 is below threshold 0.5000
2026-09-20 10:17:22,788 [INFO] [face_recognition.detector]: Detected 1 face(s) with confidence >= 0.50
2026-09-20 10:17:22,789 [INFO] [face_recognition.matcher]: Unknown person rejected: highest similarity score 0.2737 is below threshold 0.5000
2026-09-20 10:25:33,242 [INFO] [face_recognition.cleanup]: Retention cleanup daemon stopped.
2026-09-20 10:29:38,484 [INFO] [face_recognition.detector]: Initializing FaceDetector with model pack 'buffalo_sc' on CPU...
2026-09-20 10:29:38,660 [INFO] [face_recognition.detector]: FaceDetector successfully initialized.
2026-09-20 10:29:38,666 [INFO] [face_recognition.embedder]: FaceEmbedder successfully initialized with ArcFace ONNX model.
2026-09-20 10:29:38,666 [INFO] [face_recognition.engine]: FaceEngine pipeline fully initialized.
2026-09-20 10:29:39,238 [INFO] [face_recognition.cleanup]: Retention cleanup daemon started. Interval: 86400 seconds, Retention: 30 days.
2026-09-20 10:29:39,238 [INFO] [face_recognition.cleanup]: Retention cleanup daemon thread launched (id=10716).
2026-09-20 10:29:39,238 [INFO] [face_recognition.cleanup]: Retention cleanup: scanning 'C:\Users\Ritheesh k\Downloads\face_rec\Ritheesh\backend\data\thumbnails' for files older than 30 day(s).
2026-09-20 10:29:39,245 [INFO] [face_recognition.cleanup]: Retention cleanup: finished. Deleted 0 file(s).
2026-09-20 10:30:22,899 [INFO] [face_recognition.detector]: Detected 1 face(s) with confidence >= 0.50
2026-09-20 10:30:22,901 [INFO] [face_recognition.matcher]: Identity match: 'Alice Johnson' (ID: 1) with similarity score 0.9928 >= threshold 0.5000
2026-09-20 10:30:23,276 [INFO] [face_recognition.detector]: Detected 1 face(s) with confidence >= 0.50
2026-09-20 10:30:23,278 [INFO] [face_recognition.matcher]: Identity match: 'Alice Johnson' (ID: 1) with similarity score 0.9910 >= threshold 0.5000
2026-09-20 10:30:23,441 [INFO] [face_recognition.detector]: Detected 1 face(s) with confidence >= 0.50
2026-09-20 10:30:23,443 [INFO] [face_recognition.matcher]: Identity match: 'Bob Lee' (ID: 2) with similarity score 0.9947 >= threshold 0.5000
2026-09-20 10:30:23,567 [INFO] [face_recognition.detector]: Detected 1 face(s) with confidence >= 0.50
2026-09-20 10:30:23,569 [INFO] [face_recognition.matcher]: Identity match: 'Bob Lee' (ID: 2) with similarity score 0.9908 >= threshold 0.5000
2026-09-20 10:30:23,670 [INFO] [face_recognition.detector]: Detected 1 face(s) with confidence >= 0.50
2026-09-20 10:30:23,672 [INFO] [face_recognition.matcher]: Identity match: 'Carol Sharma' (ID: 3) with similarity score 0.9918 >= threshold 0.5000
2026-09-20 10:30:23,802 [INFO] [face_recognition.detector]: Detected 1 face(s) with confidence >= 0.50
2026-09-20 10:30:23,804 [INFO] [face_recognition.matcher]: Identity match: 'Carol Sharma' (ID: 3) with similarity score 0.9943 >= threshold 0.5000
2026-09-20 10:30:23,956 [INFO] [face_recognition.detector]: Detected 1 face(s) with confidence >= 0.50
2026-09-20 10:30:23,958 [INFO] [face_recognition.matcher]: Unknown person rejected: highest similarity score 0.2718 is below threshold 0.5000
2026-09-20 10:30:24,082 [INFO] [face_recognition.detector]: Detected 1 face(s) with confidence >= 0.50
2026-09-20 10:30:24,084 [INFO] [face_recognition.matcher]: Unknown person rejected: highest similarity score 0.2686 is below threshold 0.5000
2026-09-20 10:30:24,212 [INFO] [face_recognition.detector]: Detected 1 face(s) with confidence >= 0.50
2026-09-20 10:30:24,214 [INFO] [face_recognition.matcher]: Unknown person rejected: highest similarity score 0.2737 is below threshold 0.5000
2026-09-20 10:30:24,465 [INFO] [face_recognition.detector]: Detected 1 face(s) with confidence >= 0.50
2026-09-20 10:30:24,467 [INFO] [face_recognition.matcher]: Identity match: 'Alice Johnson' (ID: 1) with similarity score 0.9928 >= threshold 0.5000
2026-09-20 10:30:24,579 [INFO] [face_recognition.detector]: Detected 1 face(s) with confidence >= 0.50
2026-09-20 10:30:24,580 [INFO] [face_recognition.matcher]: Identity match: 'Alice Johnson' (ID: 1) with similarity score 0.9910 >= threshold 0.5000
2026-09-20 10:30:24,708 [INFO] [face_recognition.detector]: Detected 1 face(s) with confidence >= 0.50
2026-09-20 10:30:24,710 [INFO] [face_recognition.matcher]: Identity match: 'Bob Lee' (ID: 2) with similarity score 0.9947 >= threshold 0.5000
2026-09-20 10:30:24,863 [INFO] [face_recognition.detector]: Detected 1 face(s) with confidence >= 0.50
2026-09-20 10:30:24,865 [INFO] [face_recognition.matcher]: Identity match: 'Bob Lee' (ID: 2) with similarity score 0.9908 >= threshold 0.5000
2026-09-20 10:30:24,986 [INFO] [face_recognition.detector]: Detected 1 face(s) with confidence >= 0.50
2026-09-20 10:30:24,988 [INFO] [face_recognition.matcher]: Identity match: 'Carol Sharma' (ID: 3) with similarity score 0.9918 >= threshold 0.5000
2026-09-20 10:30:25,112 [INFO] [face_recognition.detector]: Detected 1 face(s) with confidence >= 0.50
2026-09-20 10:30:25,113 [INFO] [face_recognition.matcher]: Identity match: 'Carol Sharma' (ID: 3) with similarity score 0.9943 >= threshold 0.5000
2026-09-20 10:30:25,247 [INFO] [face_recognition.detector]: Detected 1 face(s) with confidence >= 0.50
2026-09-20 10:30:25,249 [INFO] [face_recognition.matcher]: Unknown person rejected: highest similarity score 0.2718 is below threshold 0.5000
2026-09-20 10:30:25,381 [INFO] [face_recognition.detector]: Detected 1 face(s) with confidence >= 0.50
2026-09-20 10:30:25,383 [INFO] [face_recognition.matcher]: Unknown person rejected: highest similarity score 0.2686 is below threshold 0.5000
2026-09-20 10:30:25,535 [INFO] [face_recognition.detector]: Detected 1 face(s) with confidence >= 0.50
2026-09-20 10:30:25,537 [INFO] [face_recognition.matcher]: Unknown person rejected: highest similarity score 0.2737 is below threshold 0.5000
2026-09-20 10:30:48,313 [INFO] [face_recognition.person_service]: Deleted person ID: 4
2026-09-20 10:30:51,529 [INFO] [face_recognition.person_service]: Deleted person ID: 3
2026-09-20 10:30:54,346 [INFO] [face_recognition.person_service]: Deleted person ID: 2
2026-09-20 10:30:57,525 [INFO] [face_recognition.person_service]: Deleted person ID: 1
2026-09-20 10:44:40,605 [INFO] [face_recognition.detector]: Detected 1 face(s) with confidence >= 0.45
2026-09-20 10:44:40,812 [INFO] [face_recognition.detector]: Detected 1 face(s) with confidence >= 0.45
2026-09-20 10:44:41,019 [INFO] [face_recognition.detector]: Detected 1 face(s) with confidence >= 0.45
2026-09-20 10:44:41,207 [INFO] [face_recognition.person_service]: Enrolled person 'ritheesh' (Code: em11, ID: 1) with 3 images and representative template.
2026-09-20 10:44:54,945 [INFO] [face_recognition.detector]: Detected 1 face(s) with confidence >= 0.50
2026-09-20 10:44:54,952 [INFO] [face_recognition.recognition_service]: Matching 1 detected face(s) against 1 enrolled template(s)...
2026-09-20 10:44:54,958 [INFO] [face_recognition.matcher]: Unknown person rejected: highest similarity score 0.2842 is below threshold 0.5000
2026-09-20 10:44:54,987 [INFO] [face_recognition.recognition_service]: Recognition completed in 177.73 ms. Status: UNKNOWN. Best similarity: 0.2842 (threshold: 0.5000)
2026-09-20 10:45:07,194 [INFO] [face_recognition.detector]: Detected 1 face(s) with confidence >= 0.50
2026-09-20 10:45:07,196 [INFO] [face_recognition.recognition_service]: Matching 1 detected face(s) against 1 enrolled template(s)...
2026-09-20 10:45:07,201 [INFO] [face_recognition.matcher]: Identity match: 'ritheesh' (ID: 1) with similarity score 0.6432 >= threshold 0.5000
2026-09-20 10:45:07,230 [INFO] [face_recognition.recognition_service]: Recognition completed in 191.64 ms. Status: KNOWN. Best similarity: 0.6432 (threshold: 0.5000)
2026-09-20 10:45:18,592 [INFO] [face_recognition.detector]: Detected 1 face(s) with confidence >= 0.50
2026-09-20 10:45:18,600 [INFO] [face_recognition.recognition_service]: Matching 1 detected face(s) against 1 enrolled template(s)...
2026-09-20 10:45:18,606 [INFO] [face_recognition.matcher]: Unknown person rejected: highest similarity score 0.3950 is below threshold 0.5000
2026-09-20 10:45:18,628 [INFO] [face_recognition.recognition_service]: Recognition completed in 208.51 ms. Status: UNKNOWN. Best similarity: 0.3950 (threshold: 0.5000)
2026-09-20 10:45:26,347 [INFO] [face_recognition.detector]: Detected 1 face(s) with confidence >= 0.50
2026-09-20 10:45:26,349 [INFO] [face_recognition.recognition_service]: Matching 1 detected face(s) against 1 enrolled template(s)...
2026-09-20 10:45:26,354 [INFO] [face_recognition.matcher]: Identity match: 'ritheesh' (ID: 1) with similarity score 0.8203 >= threshold 0.5000
2026-09-20 10:45:26,375 [INFO] [face_recognition.recognition_service]: Recognition completed in 239.55 ms. Status: KNOWN. Best similarity: 0.8203 (threshold: 0.5000)
2026-09-20 10:50:10,090 [INFO] [face_recognition.detector]: Detected 1 face(s) with confidence >= 0.50
2026-09-20 10:50:10,093 [INFO] [face_recognition.matcher]: Unknown person rejected: highest similarity score -0.0848 is below threshold 0.5000
2026-09-20 10:50:10,406 [INFO] [face_recognition.detector]: Detected 1 face(s) with confidence >= 0.50
2026-09-20 10:50:10,413 [INFO] [face_recognition.matcher]: Unknown person rejected: highest similarity score -0.0833 is below threshold 0.5000
2026-09-20 10:50:11,045 [INFO] [face_recognition.detector]: Detected 1 face(s) with confidence >= 0.50
2026-09-20 10:50:11,050 [INFO] [face_recognition.matcher]: Unknown person rejected: highest similarity score -0.0251 is below threshold 0.5000
2026-09-20 10:50:12,006 [INFO] [face_recognition.detector]: Detected 1 face(s) with confidence >= 0.50
2026-09-20 10:50:12,008 [INFO] [face_recognition.matcher]: Unknown person rejected: highest similarity score -0.0222 is below threshold 0.5000
2026-09-20 10:50:12,955 [INFO] [face_recognition.detector]: Detected 1 face(s) with confidence >= 0.50
2026-09-20 10:50:12,980 [INFO] [face_recognition.matcher]: Unknown person rejected: highest similarity score -0.0165 is below threshold 0.5000
2026-09-20 10:50:14,405 [INFO] [face_recognition.detector]: Detected 1 face(s) with confidence >= 0.50
2026-09-20 10:50:14,406 [INFO] [face_recognition.matcher]: Unknown person rejected: highest similarity score -0.0301 is below threshold 0.5000
2026-09-20 10:50:16,484 [INFO] [face_recognition.detector]: Detected 1 face(s) with confidence >= 0.50
2026-09-20 10:50:16,499 [INFO] [face_recognition.matcher]: Unknown person rejected: highest similarity score 0.0949 is below threshold 0.5000
2026-09-20 10:50:18,329 [INFO] [face_recognition.detector]: Detected 1 face(s) with confidence >= 0.50
2026-09-20 10:50:18,378 [INFO] [face_recognition.matcher]: Unknown person rejected: highest similarity score 0.0968 is below threshold 0.5000
2026-09-20 10:50:19,960 [INFO] [face_recognition.detector]: Detected 1 face(s) with confidence >= 0.50
2026-09-20 10:50:20,019 [INFO] [face_recognition.matcher]: Unknown person rejected: highest similarity score 0.1063 is below threshold 0.5000
2026-09-20 10:50:21,916 [INFO] [face_recognition.detector]: Detected 1 face(s) with confidence >= 0.50
2026-09-20 10:50:21,920 [INFO] [face_recognition.matcher]: Unknown person rejected: highest similarity score -0.0848 is below threshold 0.5000
2026-09-20 10:50:23,927 [INFO] [face_recognition.detector]: Detected 1 face(s) with confidence >= 0.50
2026-09-20 10:50:23,966 [INFO] [face_recognition.matcher]: Unknown person rejected: highest similarity score -0.0833 is below threshold 0.5000
2026-09-20 10:50:25,906 [INFO] [face_recognition.detector]: Detected 1 face(s) with confidence >= 0.50
2026-09-20 10:50:25,946 [INFO] [face_recognition.matcher]: Unknown person rejected: highest similarity score -0.0251 is below threshold 0.5000
2026-09-20 10:50:27,385 [INFO] [face_recognition.detector]: Detected 1 face(s) with confidence >= 0.50
2026-09-20 10:50:27,414 [INFO] [face_recognition.matcher]: Unknown person rejected: highest similarity score -0.0222 is below threshold 0.5000
2026-09-20 10:50:28,840 [INFO] [face_recognition.detector]: Detected 1 face(s) with confidence >= 0.50
2026-09-20 10:50:28,934 [INFO] [face_recognition.matcher]: Unknown person rejected: highest similarity score -0.0165 is below threshold 0.5000
2026-09-20 10:50:31,309 [INFO] [face_recognition.detector]: Detected 1 face(s) with confidence >= 0.50
2026-09-20 10:50:31,354 [INFO] [face_recognition.matcher]: Unknown person rejected: highest similarity score -0.0301 is below threshold 0.5000
2026-09-20 10:50:33,062 [INFO] [face_recognition.detector]: Detected 1 face(s) with confidence >= 0.50
2026-09-20 10:50:33,074 [INFO] [face_recognition.matcher]: Unknown person rejected: highest similarity score 0.0949 is below threshold 0.5000
2026-09-20 10:50:34,697 [INFO] [face_recognition.detector]: Detected 1 face(s) with confidence >= 0.50
2026-09-20 10:50:34,741 [INFO] [face_recognition.matcher]: Unknown person rejected: highest similarity score 0.0968 is below threshold 0.5000
2026-09-20 10:50:36,999 [INFO] [face_recognition.detector]: Detected 1 face(s) with confidence >= 0.50
2026-09-20 10:50:37,001 [INFO] [face_recognition.matcher]: Unknown person rejected: highest similarity score 0.1063 is below threshold 0.5000
2026-09-20 10:50:52,815 [INFO] [face_recognition.detector]: Detected 1 face(s) with confidence >= 0.50
2026-09-20 10:50:52,816 [INFO] [face_recognition.recognition_service]: Matching 1 detected face(s) against 1 enrolled template(s)...
2026-09-20 10:50:52,824 [INFO] [face_recognition.matcher]: Unknown person rejected: highest similarity score 0.6302 is below threshold 0.9000
2026-09-20 10:50:52,851 [INFO] [face_recognition.recognition_service]: Recognition completed in 214.14 ms. Status: UNKNOWN. Best similarity: 0.6302 (threshold: 0.9000)
2026-09-20 10:51:03,738 [INFO] [face_recognition.detector]: Detected 1 face(s) with confidence >= 0.50
2026-09-20 10:51:03,744 [INFO] [face_recognition.matcher]: Unknown person rejected: highest similarity score -0.0848 is below threshold 0.9000
2026-09-20 10:51:04,058 [INFO] [face_recognition.detector]: Detected 1 face(s) with confidence >= 0.50
2026-09-20 10:51:04,064 [INFO] [face_recognition.matcher]: Unknown person rejected: highest similarity score -0.0833 is below threshold 0.9000
2026-09-20 10:51:05,247 [INFO] [face_recognition.detector]: Detected 1 face(s) with confidence >= 0.50
2026-09-20 10:51:05,280 [INFO] [face_recognition.matcher]: Unknown person rejected: highest similarity score -0.0251 is below threshold 0.9000
2026-09-20 10:51:06,451 [INFO] [face_recognition.detector]: Detected 1 face(s) with confidence >= 0.50
2026-09-20 10:51:06,461 [INFO] [face_recognition.matcher]: Unknown person rejected: highest similarity score -0.0222 is below threshold 0.9000
2026-09-20 10:51:07,650 [INFO] [face_recognition.detector]: Detected 1 face(s) with confidence >= 0.50
2026-09-20 10:51:07,703 [INFO] [face_recognition.matcher]: Unknown person rejected: highest similarity score -0.0165 is below threshold 0.9000
2026-09-20 10:51:09,393 [INFO] [face_recognition.detector]: Detected 1 face(s) with confidence >= 0.50
2026-09-20 10:51:09,443 [INFO] [face_recognition.matcher]: Unknown person rejected: highest similarity score -0.0301 is below threshold 0.9000
2026-09-20 10:51:12,124 [INFO] [face_recognition.detector]: Detected 1 face(s) with confidence >= 0.50
2026-09-20 10:51:12,185 [INFO] [face_recognition.matcher]: Unknown person rejected: highest similarity score 0.0949 is below threshold 0.9000
2026-09-20 10:51:15,037 [INFO] [face_recognition.detector]: Detected 1 face(s) with confidence >= 0.50
2026-09-20 10:51:15,229 [INFO] [face_recognition.matcher]: Unknown person rejected: highest similarity score 0.0968 is below threshold 0.9000
2026-09-20 10:51:17,508 [INFO] [face_recognition.detector]: Detected 1 face(s) with confidence >= 0.50
2026-09-20 10:51:17,565 [INFO] [face_recognition.matcher]: Unknown person rejected: highest similarity score 0.1063 is below threshold 0.9000
2026-09-20 10:51:18,858 [INFO] [face_recognition.detector]: Detected 1 face(s) with confidence >= 0.50
2026-09-20 10:51:18,913 [INFO] [face_recognition.recognition_service]: Matching 1 detected face(s) against 1 enrolled template(s)...
2026-09-20 10:51:18,918 [INFO] [face_recognition.matcher]: Identity match: 'ritheesh' (ID: 1) with similarity score 0.6150 >= threshold 0.5000
2026-09-20 10:51:19,032 [INFO] [face_recognition.recognition_service]: Recognition completed in 1652.15 ms. Status: KNOWN. Best similarity: 0.6150 (threshold: 0.5000)
2026-09-20 10:51:22,074 [INFO] [face_recognition.detector]: Detected 1 face(s) with confidence >= 0.50
2026-09-20 10:51:22,136 [INFO] [face_recognition.matcher]: Unknown person rejected: highest similarity score -0.0848 is below threshold 0.5000
2026-09-20 10:51:24,196 [INFO] [face_recognition.detector]: Detected 1 face(s) with confidence >= 0.50
2026-09-20 10:51:24,212 [INFO] [face_recognition.matcher]: Unknown person rejected: highest similarity score -0.0833 is below threshold 0.5000
2026-09-20 10:51:25,729 [INFO] [face_recognition.detector]: Detected 1 face(s) with confidence >= 0.50
2026-09-20 10:51:25,785 [INFO] [face_recognition.matcher]: Unknown person rejected: highest similarity score -0.0251 is below threshold 0.5000
2026-09-20 10:51:28,088 [INFO] [face_recognition.detector]: Detected 1 face(s) with confidence >= 0.50
2026-09-20 10:51:28,136 [INFO] [face_recognition.matcher]: Unknown person rejected: highest similarity score -0.0222 is below threshold 0.5000
2026-09-20 10:51:30,539 [INFO] [face_recognition.detector]: Detected 1 face(s) with confidence >= 0.50
2026-09-20 10:51:30,541 [INFO] [face_recognition.matcher]: Unknown person rejected: highest similarity score -0.0165 is below threshold 0.5000
2026-09-20 10:51:32,155 [INFO] [face_recognition.detector]: Detected 1 face(s) with confidence >= 0.50
2026-09-20 10:51:32,175 [INFO] [face_recognition.recognition_service]: Matching 1 detected face(s) against 1 enrolled template(s)...
2026-09-20 10:51:32,194 [INFO] [face_recognition.matcher]: Unknown person rejected: highest similarity score 0.6366 is below threshold 0.6500
2026-09-20 10:51:32,342 [INFO] [face_recognition.recognition_service]: Recognition completed in 2191.35 ms. Status: UNKNOWN. Best similarity: 0.6366 (threshold: 0.6500)
2026-09-20 10:51:33,414 [INFO] [face_recognition.detector]: Detected 1 face(s) with confidence >= 0.50
2026-09-20 10:51:33,424 [INFO] [face_recognition.matcher]: Unknown person rejected: highest similarity score -0.0301 is below threshold 0.5000
2026-09-20 10:51:35,634 [INFO] [face_recognition.detector]: Detected 1 face(s) with confidence >= 0.50
2026-09-20 10:51:35,636 [INFO] [face_recognition.matcher]: Unknown person rejected: highest similarity score 0.0949 is below threshold 0.5000
2026-09-20 10:51:37,716 [INFO] [face_recognition.detector]: Detected 1 face(s) with confidence >= 0.50
2026-09-20 10:51:37,739 [INFO] [face_recognition.matcher]: Unknown person rejected: highest similarity score 0.0968 is below threshold 0.5000
2026-09-20 10:51:39,474 [INFO] [face_recognition.detector]: Detected 1 face(s) with confidence >= 0.50
2026-09-20 10:51:39,518 [INFO] [face_recognition.matcher]: Unknown person rejected: highest similarity score 0.1063 is below threshold 0.5000
2026-09-20 10:51:42,910 [INFO] [face_recognition.detector]: Detected 1 face(s) with confidence >= 0.50
2026-09-20 10:51:42,951 [INFO] [face_recognition.recognition_service]: Matching 1 detected face(s) against 1 enrolled template(s)...
2026-09-20 10:51:42,962 [INFO] [face_recognition.matcher]: Unknown person rejected: highest similarity score 0.6305 is below threshold 0.6500
2026-09-20 10:51:43,131 [INFO] [face_recognition.recognition_service]: Recognition completed in 1962.78 ms. Status: UNKNOWN. Best similarity: 0.6305 (threshold: 0.6500)
2026-09-20 10:54:15,727 [INFO] [face_recognition.detector]: Detected 1 face(s) with confidence >= 0.50
2026-09-20 10:54:15,733 [INFO] [face_recognition.matcher]: Unknown person rejected: highest similarity score -0.0848 is below threshold 0.5000
2026-09-20 10:54:16,042 [INFO] [face_recognition.detector]: Detected 1 face(s) with confidence >= 0.50
2026-09-20 10:54:16,053 [INFO] [face_recognition.matcher]: Unknown person rejected: highest similarity score -0.0833 is below threshold 0.5000
2026-09-20 10:54:16,925 [INFO] [face_recognition.detector]: Detected 1 face(s) with confidence >= 0.50
2026-09-20 10:54:16,927 [INFO] [face_recognition.matcher]: Unknown person rejected: highest similarity score -0.0251 is below threshold 0.5000
2026-09-20 10:54:18,316 [INFO] [face_recognition.detector]: Detected 1 face(s) with confidence >= 0.50
2026-09-20 10:54:18,318 [INFO] [face_recognition.matcher]: Unknown person rejected: highest similarity score -0.0222 is below threshold 0.5000
2026-09-20 10:54:20,132 [INFO] [face_recognition.detector]: Detected 1 face(s) with confidence >= 0.50
2026-09-20 10:54:20,133 [INFO] [face_recognition.matcher]: Unknown person rejected: highest similarity score -0.0165 is below threshold 0.5000
2026-09-20 10:54:22,014 [INFO] [face_recognition.detector]: Detected 1 face(s) with confidence >= 0.50
2026-09-20 10:54:22,026 [INFO] [face_recognition.matcher]: Unknown person rejected: highest similarity score -0.0301 is below threshold 0.5000
2026-09-20 10:54:24,278 [INFO] [face_recognition.detector]: Detected 1 face(s) with confidence >= 0.50
2026-09-20 10:54:24,301 [INFO] [face_recognition.matcher]: Unknown person rejected: highest similarity score 0.0949 is below threshold 0.5000
2026-09-20 10:54:25,626 [INFO] [face_recognition.detector]: Detected 1 face(s) with confidence >= 0.50
2026-09-20 10:54:25,642 [INFO] [face_recognition.matcher]: Unknown person rejected: highest similarity score 0.0968 is below threshold 0.5000
2026-09-20 10:54:27,428 [INFO] [face_recognition.detector]: Detected 1 face(s) with confidence >= 0.50
2026-09-20 10:54:27,437 [INFO] [face_recognition.matcher]: Unknown person rejected: highest similarity score 0.1063 is below threshold 0.5000
2026-09-20 10:54:29,706 [INFO] [face_recognition.detector]: Detected 1 face(s) with confidence >= 0.50
2026-09-20 10:54:29,728 [INFO] [face_recognition.matcher]: Unknown person rejected: highest similarity score -0.0848 is below threshold 0.5000
2026-09-20 10:54:31,513 [INFO] [face_recognition.detector]: Detected 1 face(s) with confidence >= 0.50
2026-09-20 10:54:31,519 [INFO] [face_recognition.matcher]: Unknown person rejected: highest similarity score -0.0833 is below threshold 0.5000
2026-09-20 10:54:33,304 [INFO] [face_recognition.detector]: Detected 1 face(s) with confidence >= 0.50
2026-09-20 10:54:33,337 [INFO] [face_recognition.matcher]: Unknown person rejected: highest similarity score -0.0251 is below threshold 0.5000
2026-09-20 10:54:35,063 [INFO] [face_recognition.detector]: Detected 1 face(s) with confidence >= 0.50
2026-09-20 10:54:35,151 [INFO] [face_recognition.matcher]: Unknown person rejected: highest similarity score -0.0222 is below threshold 0.5000
2026-09-20 10:54:36,843 [INFO] [face_recognition.detector]: Detected 1 face(s) with confidence >= 0.50
2026-09-20 10:54:36,877 [INFO] [face_recognition.matcher]: Unknown person rejected: highest similarity score -0.0165 is below threshold 0.5000
2026-09-20 10:54:38,190 [INFO] [face_recognition.detector]: Detected 1 face(s) with confidence >= 0.50
2026-09-20 10:54:38,240 [INFO] [face_recognition.matcher]: Unknown person rejected: highest similarity score -0.0301 is below threshold 0.5000
2026-09-20 10:54:40,052 [INFO] [face_recognition.detector]: Detected 1 face(s) with confidence >= 0.50
2026-09-20 10:54:40,101 [INFO] [face_recognition.matcher]: Unknown person rejected: highest similarity score 0.0949 is below threshold 0.5000
2026-09-20 10:54:41,560 [INFO] [face_recognition.detector]: Detected 1 face(s) with confidence >= 0.50
2026-09-20 10:54:41,637 [INFO] [face_recognition.matcher]: Unknown person rejected: highest similarity score 0.0968 is below threshold 0.5000
2026-09-20 10:54:43,218 [INFO] [face_recognition.detector]: Detected 1 face(s) with confidence >= 0.50
2026-09-20 10:54:43,232 [INFO] [face_recognition.matcher]: Unknown person rejected: highest similarity score 0.1063 is below threshold 0.5000
2026-09-20 11:14:20,956 [INFO] [face_recognition.detector]: Detected 1 face(s) with confidence >= 0.45
2026-09-20 11:14:21,253 [INFO] [face_recognition.detector]: Detected 1 face(s) with confidence >= 0.45
2026-09-20 11:14:21,953 [INFO] [face_recognition.detector]: Detected 1 face(s) with confidence >= 0.45
2026-09-20 11:14:23,022 [INFO] [face_recognition.detector]: Detected 1 face(s) with confidence >= 0.45
2026-09-20 11:14:23,254 [INFO] [face_recognition.person_service]: Enrolled person 'vk' (Code: vk18, ID: 2) with 4 images and representative template.
2026-09-20 11:15:15,229 [INFO] [face_recognition.detector]: Detected 1 face(s) with confidence >= 0.45
2026-09-20 11:15:22,809 [INFO] [face_recognition.detector]: Detected 1 face(s) with confidence >= 0.45
2026-09-20 11:15:30,692 [INFO] [face_recognition.detector]: Detected 1 face(s) with confidence >= 0.45
2026-09-20 11:16:02,619 [INFO] [face_recognition.detector]: Detected 1 face(s) with confidence >= 0.45
2026-09-20 11:16:02,832 [INFO] [face_recognition.detector]: Detected 1 face(s) with confidence >= 0.45
2026-09-20 11:16:03,388 [INFO] [face_recognition.detector]: Detected 1 face(s) with confidence >= 0.45
2026-09-20 11:16:04,373 [INFO] [face_recognition.detector]: Detected 1 face(s) with confidence >= 0.45
2026-09-20 11:16:04,635 [INFO] [face_recognition.person_service]: Enrolled person 'appu' (Code: appu122, ID: 3) with 4 images and representative template.
2026-09-20 11:17:31,595 [INFO] [face_recognition.detector]: Detected 1 face(s) with confidence >= 0.45
2026-09-20 11:17:31,903 [INFO] [face_recognition.detector]: Detected 1 face(s) with confidence >= 0.45
2026-09-20 11:17:32,879 [INFO] [face_recognition.detector]: Detected 1 face(s) with confidence >= 0.45
2026-09-20 11:17:33,989 [INFO] [face_recognition.detector]: Detected 1 face(s) with confidence >= 0.45
2026-09-20 11:17:34,341 [INFO] [face_recognition.person_service]: Enrolled person 'DB' (Code: DB111, ID: 4) with 4 images and representative template.
2026-09-20 11:17:50,325 [INFO] [face_recognition.detector]: Detected 1 face(s) with confidence >= 0.50
2026-09-20 11:17:50,331 [INFO] [face_recognition.recognition_service]: Matching 1 detected face(s) against 4 enrolled template(s)...
2026-09-20 11:17:50,338 [INFO] [face_recognition.matcher]: Unknown person rejected: highest similarity score 0.2376 is below threshold 0.5000
2026-09-20 11:17:50,365 [INFO] [face_recognition.recognition_service]: Recognition completed in 181.65 ms. Status: UNKNOWN. Best similarity: 0.2376 (threshold: 0.5000)
2026-09-20 11:17:56,609 [INFO] [face_recognition.detector]: Detected 1 face(s) with confidence >= 0.50
2026-09-20 11:17:56,616 [INFO] [face_recognition.recognition_service]: Matching 1 detected face(s) against 4 enrolled template(s)...
2026-09-20 11:17:56,622 [INFO] [face_recognition.matcher]: Unknown person rejected: highest similarity score 0.2376 is below threshold 0.5000
2026-09-20 11:17:56,632 [INFO] [face_recognition.recognition_service]: Recognition completed in 178.79 ms. Status: UNKNOWN. Best similarity: 0.2376 (threshold: 0.5000)
2026-09-20 11:18:02,570 [INFO] [face_recognition.detector]: Detected 1 face(s) with confidence >= 0.50
2026-09-20 11:18:02,572 [INFO] [face_recognition.recognition_service]: Matching 1 detected face(s) against 4 enrolled template(s)...
2026-09-20 11:18:02,578 [INFO] [face_recognition.matcher]: Unknown person rejected: highest similarity score 0.2376 is below threshold 0.5000
2026-09-20 11:18:02,593 [INFO] [face_recognition.recognition_service]: Recognition completed in 192.82 ms. Status: UNKNOWN. Best similarity: 0.2376 (threshold: 0.5000)
2026-09-20 11:18:07,901 [INFO] [face_recognition.detector]: Detected 1 face(s) with confidence >= 0.50
2026-09-20 11:18:07,910 [INFO] [face_recognition.recognition_service]: Matching 1 detected face(s) against 4 enrolled template(s)...
2026-09-20 11:18:07,918 [INFO] [face_recognition.matcher]: Unknown person rejected: highest similarity score 0.1491 is below threshold 0.5000
2026-09-20 11:18:07,932 [INFO] [face_recognition.recognition_service]: Recognition completed in 195.69 ms. Status: UNKNOWN. Best similarity: 0.1491 (threshold: 0.5000)
2026-09-20 11:18:14,663 [INFO] [face_recognition.detector]: Detected 1 face(s) with confidence >= 0.50
2026-09-20 11:18:14,669 [INFO] [face_recognition.recognition_service]: Matching 1 detected face(s) against 4 enrolled template(s)...
2026-09-20 11:18:14,671 [INFO] [face_recognition.matcher]: Unknown person rejected: highest similarity score 0.1193 is below threshold 0.5000
2026-09-20 11:18:14,690 [INFO] [face_recognition.recognition_service]: Recognition completed in 185.01 ms. Status: UNKNOWN. Best similarity: 0.1193 (threshold: 0.5000)
2026-09-20 11:18:21,473 [INFO] [face_recognition.detector]: Detected 1 face(s) with confidence >= 0.50
2026-09-20 11:18:21,497 [INFO] [face_recognition.recognition_service]: Matching 1 detected face(s) against 4 enrolled template(s)...
2026-09-20 11:18:21,513 [INFO] [face_recognition.matcher]: Identity match: 'DB' (ID: 4) with similarity score 0.8482 >= threshold 0.5000
2026-09-20 11:18:21,551 [INFO] [face_recognition.recognition_service]: Recognition completed in 721.00 ms. Status: KNOWN. Best similarity: 0.8482 (threshold: 0.5000)
2026-09-20 11:19:34,104 [INFO] [face_recognition.detector]: Detected 1 face(s) with confidence >= 0.50
2026-09-20 11:19:34,111 [INFO] [face_recognition.recognition_service]: Matching 1 detected face(s) against 4 enrolled template(s)...
2026-09-20 11:19:34,112 [INFO] [face_recognition.matcher]: Unknown person rejected: highest similarity score 0.3042 is below threshold 0.5000
2026-09-20 11:19:34,134 [INFO] [face_recognition.recognition_service]: Recognition completed in 173.36 ms. Status: UNKNOWN. Best similarity: 0.3042 (threshold: 0.5000)
2026-09-20 11:19:46,758 [INFO] [face_recognition.detector]: Detected 3 face(s) with confidence >= 0.50
2026-09-20 11:19:46,766 [INFO] [face_recognition.recognition_service]: Matching 3 detected face(s) against 4 enrolled template(s)...
2026-09-20 11:19:46,768 [INFO] [face_recognition.matcher]: Identity match: 'DB' (ID: 4) with similarity score 0.6507 >= threshold 0.5000
2026-09-20 11:19:46,784 [INFO] [face_recognition.matcher]: Unknown person rejected: highest similarity score 0.2576 is below threshold 0.5000
2026-09-20 11:19:46,793 [INFO] [face_recognition.matcher]: Unknown person rejected: highest similarity score 0.1108 is below threshold 0.5000
2026-09-20 11:19:46,832 [INFO] [face_recognition.recognition_service]: Recognition completed in 449.40 ms. Status: KNOWN. Best similarity: 0.6507 (threshold: 0.5000)
2026-09-20 11:25:47,013 [INFO] [face_recognition.detector]: Detected 4 face(s) with confidence >= 0.50
2026-09-20 11:25:47,021 [INFO] [face_recognition.recognition_service]: Matching 4 detected face(s) against 4 enrolled template(s)...
2026-09-20 11:25:47,022 [INFO] [face_recognition.matcher]: Identity match: 'vk' (ID: 2) with similarity score 0.5822 >= threshold 0.5000
2026-09-20 11:25:47,053 [INFO] [face_recognition.matcher]: Identity match: 'vk' (ID: 2) with similarity score 0.7999 >= threshold 0.5000
2026-09-20 11:25:47,072 [INFO] [face_recognition.matcher]: Identity match: 'vk' (ID: 2) with similarity score 0.5784 >= threshold 0.5000
2026-09-20 11:25:47,134 [INFO] [face_recognition.matcher]: Identity match: 'vk' (ID: 2) with similarity score 0.6583 >= threshold 0.5000
2026-09-20 11:25:47,208 [INFO] [face_recognition.recognition_service]: Recognition completed in 653.46 ms. Status: KNOWN. Best similarity: 0.7999 (threshold: 0.5000)
2026-09-20 11:26:00,288 [INFO] [face_recognition.detector]: Detected 11 face(s) with confidence >= 0.50
2026-09-20 11:26:00,293 [INFO] [face_recognition.recognition_service]: Matching 11 detected face(s) against 4 enrolled template(s)...
2026-09-20 11:26:00,295 [INFO] [face_recognition.matcher]: Identity match: 'appu' (ID: 3) with similarity score 0.5534 >= threshold 0.5000
2026-09-20 11:26:00,321 [INFO] [face_recognition.matcher]: Identity match: 'appu' (ID: 3) with similarity score 0.6152 >= threshold 0.5000
2026-09-20 11:26:00,358 [INFO] [face_recognition.matcher]: Identity match: 'appu' (ID: 3) with similarity score 0.6407 >= threshold 0.5000
2026-09-20 11:26:00,418 [INFO] [face_recognition.matcher]: Identity match: 'appu' (ID: 3) with similarity score 0.5567 >= threshold 0.5000
2026-09-20 11:26:00,461 [INFO] [face_recognition.matcher]: Identity match: 'appu' (ID: 3) with similarity score 0.7155 >= threshold 0.5000
2026-09-20 11:26:00,507 [INFO] [face_recognition.matcher]: Unknown person rejected: highest similarity score 0.3288 is below threshold 0.5000
2026-09-20 11:26:00,517 [INFO] [face_recognition.matcher]: Identity match: 'appu' (ID: 3) with similarity score 0.6720 >= threshold 0.5000
2026-09-20 11:26:00,591 [INFO] [face_recognition.matcher]: Unknown person rejected: highest similarity score 0.3076 is below threshold 0.5000
2026-09-20 11:26:00,706 [INFO] [face_recognition.matcher]: Identity match: 'appu' (ID: 3) with similarity score 0.6148 >= threshold 0.5000
2026-09-20 11:26:00,813 [INFO] [face_recognition.matcher]: Unknown person rejected: highest similarity score 0.3721 is below threshold 0.5000
2026-09-20 11:26:00,917 [INFO] [face_recognition.matcher]: Unknown person rejected: highest similarity score 0.0870 is below threshold 0.5000
2026-09-20 11:26:01,118 [INFO] [face_recognition.recognition_service]: Recognition completed in 3723.94 ms. Status: KNOWN. Best similarity: 0.7155 (threshold: 0.5000)
2026-09-20 11:26:34,469 [INFO] [face_recognition.detector]: Detected 4 face(s) with confidence >= 0.50
2026-09-20 11:26:34,495 [INFO] [face_recognition.recognition_service]: Matching 4 detected face(s) against 4 enrolled template(s)...
2026-09-20 11:26:34,497 [INFO] [face_recognition.matcher]: Unknown person rejected: highest similarity score 0.3850 is below threshold 0.5000
2026-09-20 11:26:34,591 [INFO] [face_recognition.matcher]: Unknown person rejected: highest similarity score 0.4893 is below threshold 0.5000
2026-09-20 11:26:34,669 [INFO] [face_recognition.matcher]: Unknown person rejected: highest similarity score 0.4315 is below threshold 0.5000
2026-09-20 11:26:34,721 [INFO] [face_recognition.matcher]: Unknown person rejected: highest similarity score 0.4433 is below threshold 0.5000
2026-09-20 11:26:34,731 [INFO] [face_recognition.recognition_service]: Recognition completed in 784.69 ms. Status: UNKNOWN. Best similarity: 0.4893 (threshold: 0.5000)
2026-09-20 11:26:47,692 [INFO] [face_recognition.detector]: Detected 11 face(s) with confidence >= 0.50
2026-09-20 11:26:47,758 [INFO] [face_recognition.recognition_service]: Matching 11 detected face(s) against 4 enrolled template(s)...
2026-09-20 11:26:47,764 [INFO] [face_recognition.matcher]: Identity match: 'appu' (ID: 3) with similarity score 0.5534 >= threshold 0.5000
2026-09-20 11:26:47,824 [INFO] [face_recognition.matcher]: Identity match: 'appu' (ID: 3) with similarity score 0.6152 >= threshold 0.5000
2026-09-20 11:26:47,981 [INFO] [face_recognition.matcher]: Identity match: 'appu' (ID: 3) with similarity score 0.6407 >= threshold 0.5000
2026-09-20 11:26:48,121 [INFO] [face_recognition.matcher]: Identity match: 'appu' (ID: 3) with similarity score 0.5567 >= threshold 0.5000
2026-09-20 11:26:48,181 [INFO] [face_recognition.matcher]: Identity match: 'appu' (ID: 3) with similarity score 0.7155 >= threshold 0.5000
2026-09-20 11:26:48,278 [INFO] [face_recognition.matcher]: Unknown person rejected: highest similarity score 0.3288 is below threshold 0.5000
2026-09-20 11:26:48,407 [INFO] [face_recognition.matcher]: Identity match: 'appu' (ID: 3) with similarity score 0.6720 >= threshold 0.5000
2026-09-20 11:26:48,694 [INFO] [face_recognition.matcher]: Unknown person rejected: highest similarity score 0.3076 is below threshold 0.5000
2026-09-20 11:26:48,925 [INFO] [face_recognition.matcher]: Identity match: 'appu' (ID: 3) with similarity score 0.6148 >= threshold 0.5000
2026-09-20 11:26:49,073 [INFO] [face_recognition.matcher]: Unknown person rejected: highest similarity score 0.3721 is below threshold 0.5000
2026-09-20 11:26:49,297 [INFO] [face_recognition.matcher]: Unknown person rejected: highest similarity score 0.0870 is below threshold 0.5000
2026-09-20 11:26:49,398 [INFO] [face_recognition.recognition_service]: Recognition completed in 4670.00 ms. Status: KNOWN. Best similarity: 0.7155 (threshold: 0.5000)
2026-09-20 11:26:56,341 [INFO] [face_recognition.detector]: Detected 9 face(s) with confidence >= 0.50
2026-09-20 11:26:56,409 [INFO] [face_recognition.recognition_service]: Matching 9 detected face(s) against 4 enrolled template(s)...
2026-09-20 11:26:56,411 [INFO] [face_recognition.matcher]: Identity match: 'appu' (ID: 3) with similarity score 0.6080 >= threshold 0.5000
2026-09-20 11:26:56,534 [INFO] [face_recognition.matcher]: Identity match: 'appu' (ID: 3) with similarity score 0.6915 >= threshold 0.5000
2026-09-20 11:26:56,570 [INFO] [face_recognition.matcher]: Identity match: 'appu' (ID: 3) with similarity score 0.6483 >= threshold 0.5000
2026-09-20 11:26:56,703 [INFO] [face_recognition.matcher]: Identity match: 'appu' (ID: 3) with similarity score 0.7738 >= threshold 0.5000
2026-09-20 11:26:56,768 [INFO] [face_recognition.matcher]: Identity match: 'appu' (ID: 3) with similarity score 0.6693 >= threshold 0.5000
2026-09-20 11:26:56,786 [INFO] [face_recognition.matcher]: Identity match: 'appu' (ID: 3) with similarity score 0.6687 >= threshold 0.5000
2026-09-20 11:26:56,980 [INFO] [face_recognition.matcher]: Identity match: 'appu' (ID: 3) with similarity score 0.5481 >= threshold 0.5000
2026-09-20 11:26:57,059 [INFO] [face_recognition.matcher]: Unknown person rejected: highest similarity score 0.4462 is below threshold 0.5000
2026-09-20 11:26:57,108 [INFO] [face_recognition.matcher]: Identity match: 'appu' (ID: 3) with similarity score 0.7283 >= threshold 0.5000
2026-09-20 11:26:57,352 [INFO] [face_recognition.recognition_service]: Recognition completed in 7051.63 ms. Status: KNOWN. Best similarity: 0.7738 (threshold: 0.5000)
2026-09-20 11:27:25,204 [INFO] [face_recognition.detector]: Detected 1 face(s) with confidence >= 0.50
2026-09-20 11:27:25,205 [INFO] [face_recognition.recognition_service]: Matching 1 detected face(s) against 4 enrolled template(s)...
2026-09-20 11:27:25,211 [INFO] [face_recognition.matcher]: Identity match: 'ritheesh' (ID: 1) with similarity score 0.8059 >= threshold 0.5000
2026-09-20 11:27:25,240 [INFO] [face_recognition.recognition_service]: Recognition completed in 188.60 ms. Status: KNOWN. Best similarity: 0.8059 (threshold: 0.5000)
2026-09-20 11:47:53,975 [INFO] [face_recognition.detector]: Detected 1 face(s) with confidence >= 0.50
2026-09-20 11:47:53,981 [INFO] [face_recognition.matcher]: Unknown person rejected: highest similarity score 0.0054 is below threshold 0.5000
2026-09-20 11:47:54,305 [INFO] [face_recognition.detector]: Detected 1 face(s) with confidence >= 0.50
2026-09-20 11:47:54,307 [INFO] [face_recognition.matcher]: Unknown person rejected: highest similarity score 0.0183 is below threshold 0.5000
2026-09-20 11:47:55,130 [INFO] [face_recognition.detector]: Detected 1 face(s) with confidence >= 0.50
2026-09-20 11:47:55,153 [INFO] [face_recognition.matcher]: Unknown person rejected: highest similarity score 0.0020 is below threshold 0.5000
2026-09-20 11:47:56,614 [INFO] [face_recognition.detector]: Detected 1 face(s) with confidence >= 0.50
2026-09-20 11:47:56,624 [INFO] [face_recognition.matcher]: Unknown person rejected: highest similarity score -0.0027 is below threshold 0.5000
2026-09-20 11:47:57,865 [INFO] [face_recognition.detector]: Detected 1 face(s) with confidence >= 0.50
2026-09-20 11:47:57,905 [INFO] [face_recognition.matcher]: Unknown person rejected: highest similarity score 0.1288 is below threshold 0.5000
2026-09-20 11:47:59,879 [INFO] [face_recognition.detector]: Detected 1 face(s) with confidence >= 0.50
2026-09-20 11:47:59,896 [INFO] [face_recognition.matcher]: Unknown person rejected: highest similarity score 0.1311 is below threshold 0.5000
2026-09-20 11:48:01,565 [INFO] [face_recognition.detector]: Detected 1 face(s) with confidence >= 0.50
2026-09-20 11:48:01,613 [INFO] [face_recognition.matcher]: Unknown person rejected: highest similarity score 0.0949 is below threshold 0.5000
2026-09-20 11:48:03,221 [INFO] [face_recognition.detector]: Detected 1 face(s) with confidence >= 0.50
2026-09-20 11:48:03,274 [INFO] [face_recognition.matcher]: Unknown person rejected: highest similarity score 0.0968 is below threshold 0.5000
2026-09-20 11:48:05,296 [INFO] [face_recognition.detector]: Detected 1 face(s) with confidence >= 0.50
2026-09-20 11:48:05,313 [INFO] [face_recognition.matcher]: Unknown person rejected: highest similarity score 0.1063 is below threshold 0.5000
2026-09-20 11:48:07,276 [INFO] [face_recognition.detector]: Detected 1 face(s) with confidence >= 0.50
2026-09-20 11:48:07,295 [INFO] [face_recognition.matcher]: Unknown person rejected: highest similarity score 0.0054 is below threshold 0.5000
2026-09-20 11:48:08,842 [INFO] [face_recognition.detector]: Detected 1 face(s) with confidence >= 0.50
2026-09-20 11:48:08,865 [INFO] [face_recognition.matcher]: Unknown person rejected: highest similarity score 0.0183 is below threshold 0.5000
2026-09-20 11:48:10,404 [INFO] [face_recognition.detector]: Detected 1 face(s) with confidence >= 0.50
2026-09-20 11:48:10,418 [INFO] [face_recognition.matcher]: Unknown person rejected: highest similarity score 0.0020 is below threshold 0.5000
2026-09-20 11:48:12,100 [INFO] [face_recognition.detector]: Detected 1 face(s) with confidence >= 0.50
2026-09-20 11:48:12,115 [INFO] [face_recognition.matcher]: Unknown person rejected: highest similarity score -0.0027 is below threshold 0.5000
2026-09-20 11:48:14,220 [INFO] [face_recognition.detector]: Detected 1 face(s) with confidence >= 0.50
2026-09-20 11:48:14,257 [INFO] [face_recognition.matcher]: Unknown person rejected: highest similarity score 0.1288 is below threshold 0.5000
2026-09-20 11:48:15,534 [INFO] [face_recognition.detector]: Detected 1 face(s) with confidence >= 0.50
2026-09-20 11:48:15,576 [INFO] [face_recognition.matcher]: Unknown person rejected: highest similarity score 0.1311 is below threshold 0.5000
2026-09-20 11:48:17,016 [INFO] [face_recognition.detector]: Detected 1 face(s) with confidence >= 0.50
2026-09-20 11:48:17,025 [INFO] [face_recognition.matcher]: Unknown person rejected: highest similarity score 0.0949 is below threshold 0.5000
2026-09-20 11:48:18,724 [INFO] [face_recognition.detector]: Detected 1 face(s) with confidence >= 0.50
2026-09-20 11:48:18,745 [INFO] [face_recognition.matcher]: Unknown person rejected: highest similarity score 0.0968 is below threshold 0.5000
2026-09-20 11:48:20,874 [INFO] [face_recognition.detector]: Detected 1 face(s) with confidence >= 0.50
2026-09-20 11:48:20,876 [INFO] [face_recognition.matcher]: Unknown person rejected: highest similarity score 0.1063 is below threshold 0.5000
2026-09-20 11:49:46,135 [INFO] [face_recognition.detector]: Detected 1 face(s) with confidence >= 0.50
2026-09-20 11:49:46,141 [INFO] [face_recognition.matcher]: Unknown person rejected: highest similarity score 0.0054 is below threshold 0.5000
2026-09-20 11:49:46,468 [INFO] [face_recognition.detector]: Detected 1 face(s) with confidence >= 0.50
2026-09-20 11:49:46,474 [INFO] [face_recognition.matcher]: Unknown person rejected: highest similarity score 0.0183 is below threshold 0.5000
2026-09-20 11:49:47,359 [INFO] [face_recognition.detector]: Detected 1 face(s) with confidence >= 0.50
2026-09-20 11:49:47,372 [INFO] [face_recognition.matcher]: Unknown person rejected: highest similarity score 0.0020 is below threshold 0.5000
2026-09-20 11:49:48,521 [INFO] [face_recognition.detector]: Detected 1 face(s) with confidence >= 0.50
2026-09-20 11:49:48,527 [INFO] [face_recognition.matcher]: Unknown person rejected: highest similarity score -0.0027 is below threshold 0.5000
2026-09-20 11:49:49,551 [INFO] [face_recognition.detector]: Detected 1 face(s) with confidence >= 0.50
2026-09-20 11:49:49,566 [INFO] [face_recognition.matcher]: Unknown person rejected: highest similarity score 0.1288 is below threshold 0.5000
2026-09-20 11:49:51,431 [INFO] [face_recognition.detector]: Detected 1 face(s) with confidence >= 0.50
2026-09-20 11:49:51,446 [INFO] [face_recognition.matcher]: Unknown person rejected: highest similarity score 0.1311 is below threshold 0.5000
2026-09-20 11:49:53,544 [INFO] [face_recognition.detector]: Detected 1 face(s) with confidence >= 0.50
2026-09-20 11:49:53,552 [INFO] [face_recognition.matcher]: Unknown person rejected: highest similarity score 0.0949 is below threshold 0.5000
2026-09-20 11:49:55,180 [INFO] [face_recognition.detector]: Detected 1 face(s) with confidence >= 0.50
2026-09-20 11:49:55,200 [INFO] [face_recognition.matcher]: Unknown person rejected: highest similarity score 0.0968 is below threshold 0.5000
2026-09-20 11:49:56,978 [INFO] [face_recognition.detector]: Detected 1 face(s) with confidence >= 0.50
2026-09-20 11:49:56,980 [INFO] [face_recognition.matcher]: Unknown person rejected: highest similarity score 0.1063 is below threshold 0.5000
2026-09-20 11:49:58,969 [INFO] [face_recognition.detector]: Detected 1 face(s) with confidence >= 0.50
2026-09-20 11:49:58,984 [INFO] [face_recognition.matcher]: Unknown person rejected: highest similarity score 0.0054 is below threshold 0.5000
2026-09-20 11:50:00,589 [INFO] [face_recognition.detector]: Detected 1 face(s) with confidence >= 0.50
2026-09-20 11:50:00,591 [INFO] [face_recognition.matcher]: Unknown person rejected: highest similarity score 0.0183 is below threshold 0.5000
2026-09-20 11:50:02,187 [INFO] [face_recognition.detector]: Detected 1 face(s) with confidence >= 0.50
2026-09-20 11:50:02,188 [INFO] [face_recognition.matcher]: Unknown person rejected: highest similarity score 0.0020 is below threshold 0.5000
2026-09-20 11:50:03,758 [INFO] [face_recognition.detector]: Detected 1 face(s) with confidence >= 0.50
2026-09-20 11:50:03,766 [INFO] [face_recognition.matcher]: Unknown person rejected: highest similarity score -0.0027 is below threshold 0.5000
2026-09-20 11:50:05,388 [INFO] [face_recognition.detector]: Detected 1 face(s) with confidence >= 0.50
2026-09-20 11:50:05,427 [INFO] [face_recognition.matcher]: Unknown person rejected: highest similarity score 0.1288 is below threshold 0.5000
2026-09-20 11:50:07,349 [INFO] [face_recognition.detector]: Detected 1 face(s) with confidence >= 0.50
2026-09-20 11:50:07,379 [INFO] [face_recognition.matcher]: Unknown person rejected: highest similarity score 0.1311 is below threshold 0.5000
2026-09-20 11:50:08,987 [INFO] [face_recognition.detector]: Detected 1 face(s) with confidence >= 0.50
2026-09-20 11:50:09,002 [INFO] [face_recognition.matcher]: Unknown person rejected: highest similarity score 0.0949 is below threshold 0.5000
2026-09-20 11:50:10,660 [INFO] [face_recognition.detector]: Detected 1 face(s) with confidence >= 0.50
2026-09-20 11:50:10,662 [INFO] [face_recognition.matcher]: Unknown person rejected: highest similarity score 0.0968 is below threshold 0.5000
2026-09-20 11:50:12,181 [INFO] [face_recognition.detector]: Detected 1 face(s) with confidence >= 0.50
2026-09-20 11:50:12,183 [INFO] [face_recognition.matcher]: Unknown person rejected: highest similarity score 0.1063 is below threshold 0.5000
2026-09-20 11:50:32,354 [INFO] [face_recognition.detector]: Detected 1 face(s) with confidence >= 0.50
2026-09-20 11:50:32,356 [INFO] [face_recognition.recognition_service]: Matching 1 detected face(s) against 4 enrolled template(s)...
2026-09-20 11:50:32,363 [INFO] [face_recognition.matcher]: Identity match: 'ritheesh' (ID: 1) with similarity score 0.5768 >= threshold 0.5000
2026-09-20 11:50:32,385 [INFO] [face_recognition.recognition_service]: Recognition completed in 197.09 ms. Status: KNOWN. Best similarity: 0.5768 (threshold: 0.5000)
2026-09-20 11:50:44,084 [INFO] [face_recognition.detector]: Detected 1 face(s) with confidence >= 0.50
2026-09-20 11:50:44,094 [INFO] [face_recognition.recognition_service]: Matching 1 detected face(s) against 4 enrolled template(s)...
2026-09-20 11:50:44,100 [INFO] [face_recognition.matcher]: Identity match: 'ritheesh' (ID: 1) with similarity score 0.5178 >= threshold 0.5000
2026-09-20 11:50:44,122 [INFO] [face_recognition.recognition_service]: Recognition completed in 240.29 ms. Status: KNOWN. Best similarity: 0.5178 (threshold: 0.5000)
2026-09-20 11:50:48,519 [INFO] [face_recognition.detector]: Detected 1 face(s) with confidence >= 0.50
2026-09-20 11:50:48,554 [INFO] [face_recognition.recognition_service]: Matching 1 detected face(s) against 4 enrolled template(s)...
2026-09-20 11:50:48,609 [INFO] [face_recognition.matcher]: Unknown person rejected: highest similarity score 0.1775 is below threshold 0.5000
2026-09-20 11:50:48,784 [INFO] [face_recognition.recognition_service]: Recognition completed in 1472.18 ms. Status: UNKNOWN. Best similarity: 0.1775 (threshold: 0.5000)
2026-09-20 11:50:52,308 [INFO] [face_recognition.detector]: Detected 1 face(s) with confidence >= 0.50
2026-09-20 11:50:52,322 [INFO] [face_recognition.recognition_service]: Matching 1 detected face(s) against 4 enrolled template(s)...
2026-09-20 11:50:52,337 [INFO] [face_recognition.matcher]: Unknown person rejected: highest similarity score 0.4108 is below threshold 0.5000
2026-09-20 11:50:52,393 [INFO] [face_recognition.recognition_service]: Recognition completed in 1427.31 ms. Status: UNKNOWN. Best similarity: 0.4108 (threshold: 0.5000)
2026-09-20 11:50:58,876 [INFO] [face_recognition.detector]: Detected 1 face(s) with confidence >= 0.50
2026-09-20 11:50:58,907 [INFO] [face_recognition.recognition_service]: Matching 1 detected face(s) against 4 enrolled template(s)...
2026-09-20 11:50:58,957 [INFO] [face_recognition.matcher]: Unknown person rejected: highest similarity score 0.1350 is below threshold 0.5000
2026-09-20 11:50:58,976 [INFO] [face_recognition.recognition_service]: Recognition completed in 1489.51 ms. Status: UNKNOWN. Best similarity: 0.1350 (threshold: 0.5000)
2026-09-20 11:51:02,279 [INFO] [face_recognition.detector]: Detected 1 face(s) with confidence >= 0.50
2026-09-20 11:51:02,289 [INFO] [face_recognition.recognition_service]: Matching 1 detected face(s) against 4 enrolled template(s)...
2026-09-20 11:51:02,291 [INFO] [face_recognition.matcher]: Identity match: 'ritheesh' (ID: 1) with similarity score 0.6113 >= threshold 0.5000
2026-09-20 11:51:02,434 [INFO] [face_recognition.recognition_service]: Recognition completed in 1641.50 ms. Status: KNOWN. Best similarity: 0.6113 (threshold: 0.5000)
2026-09-20 11:51:05,582 [INFO] [face_recognition.detector]: Detected 1 face(s) with confidence >= 0.50
2026-09-20 11:51:05,594 [INFO] [face_recognition.recognition_service]: Matching 1 detected face(s) against 4 enrolled template(s)...
2026-09-20 11:51:05,695 [INFO] [face_recognition.matcher]: Identity match: 'ritheesh' (ID: 1) with similarity score 0.6283 >= threshold 0.5000
2026-09-20 11:51:05,887 [INFO] [face_recognition.recognition_service]: Recognition completed in 2011.16 ms. Status: KNOWN. Best similarity: 0.6283 (threshold: 0.5000)
2026-09-20 11:51:10,283 [INFO] [face_recognition.detector]: Detected 1 face(s) with confidence >= 0.50
2026-09-20 11:51:10,318 [INFO] [face_recognition.recognition_service]: Matching 1 detected face(s) against 4 enrolled template(s)...
2026-09-20 11:51:10,328 [INFO] [face_recognition.matcher]: Identity match: 'ritheesh' (ID: 1) with similarity score 0.5733 >= threshold 0.5000
2026-09-20 11:51:10,460 [INFO] [face_recognition.recognition_service]: Recognition completed in 1824.05 ms. Status: KNOWN. Best similarity: 0.5733 (threshold: 0.5000)
2026-09-20 11:51:13,589 [INFO] [face_recognition.detector]: Detected 1 face(s) with confidence >= 0.50
2026-09-20 11:51:13,595 [INFO] [face_recognition.recognition_service]: Matching 1 detected face(s) against 4 enrolled template(s)...
2026-09-20 11:51:13,654 [INFO] [face_recognition.matcher]: Identity match: 'ritheesh' (ID: 1) with similarity score 0.5829 >= threshold 0.5000
2026-09-20 11:51:13,933 [INFO] [face_recognition.recognition_service]: Recognition completed in 2183.99 ms. Status: KNOWN. Best similarity: 0.5829 (threshold: 0.5000)
2026-09-20 11:51:17,537 [INFO] [face_recognition.detector]: Detected 1 face(s) with confidence >= 0.50
2026-09-20 11:51:17,629 [INFO] [face_recognition.recognition_service]: Matching 1 detected face(s) against 4 enrolled template(s)...
2026-09-20 11:51:17,632 [INFO] [face_recognition.matcher]: Unknown person rejected: highest similarity score 0.1819 is below threshold 0.5000
2026-09-20 11:51:17,778 [INFO] [face_recognition.recognition_service]: Recognition completed in 2004.45 ms. Status: UNKNOWN. Best similarity: 0.1819 (threshold: 0.5000)
2026-09-20 11:51:21,946 [INFO] [face_recognition.detector]: Detected 1 face(s) with confidence >= 0.50
2026-09-20 11:51:22,034 [INFO] [face_recognition.recognition_service]: Matching 1 detected face(s) against 4 enrolled template(s)...
2026-09-20 11:51:22,049 [INFO] [face_recognition.matcher]: Unknown person rejected: highest similarity score 0.1984 is below threshold 0.5000
2026-09-20 11:51:22,201 [INFO] [face_recognition.recognition_service]: Recognition completed in 1866.95 ms. Status: UNKNOWN. Best similarity: 0.1984 (threshold: 0.5000)
2026-09-20 11:51:25,590 [INFO] [face_recognition.detector]: Detected 1 face(s) with confidence >= 0.50
2026-09-20 11:51:25,642 [INFO] [face_recognition.recognition_service]: Matching 1 detected face(s) against 4 enrolled template(s)...
2026-09-20 11:51:25,678 [INFO] [face_recognition.matcher]: Unknown person rejected: highest similarity score 0.2227 is below threshold 0.5000
2026-09-20 11:51:25,801 [INFO] [face_recognition.recognition_service]: Recognition completed in 1998.86 ms. Status: UNKNOWN. Best similarity: 0.2227 (threshold: 0.5000)
2026-09-20 11:51:32,276 [INFO] [face_recognition.detector]: Detected 1 face(s) with confidence >= 0.50
2026-09-20 11:51:32,299 [INFO] [face_recognition.recognition_service]: Matching 1 detected face(s) against 4 enrolled template(s)...
2026-09-20 11:51:32,371 [INFO] [face_recognition.matcher]: Identity match: 'ritheesh' (ID: 1) with similarity score 0.6608 >= threshold 0.5000
2026-09-20 11:51:32,560 [INFO] [face_recognition.recognition_service]: Recognition completed in 2008.98 ms. Status: KNOWN. Best similarity: 0.6608 (threshold: 0.5000)
2026-09-20 11:51:36,358 [INFO] [face_recognition.detector]: Detected 1 face(s) with confidence >= 0.50
2026-09-20 11:51:36,431 [INFO] [face_recognition.recognition_service]: Matching 1 detected face(s) against 4 enrolled template(s)...
2026-09-20 11:51:36,478 [INFO] [face_recognition.matcher]: Identity match: 'ritheesh' (ID: 1) with similarity score 0.6564 >= threshold 0.5000
2026-09-20 11:51:36,811 [INFO] [face_recognition.recognition_service]: Recognition completed in 2997.43 ms. Status: KNOWN. Best similarity: 0.6564 (threshold: 0.5000)
2026-09-20 11:51:43,633 [INFO] [face_recognition.detector]: Detected 1 face(s) with confidence >= 0.50
2026-09-20 11:51:43,664 [INFO] [face_recognition.recognition_service]: Matching 1 detected face(s) against 4 enrolled template(s)...
2026-09-20 11:51:43,724 [INFO] [face_recognition.matcher]: Identity match: 'ritheesh' (ID: 1) with similarity score 0.5815 >= threshold 0.5000
2026-09-20 11:51:43,745 [INFO] [face_recognition.recognition_service]: Recognition completed in 1122.57 ms. Status: KNOWN. Best similarity: 0.5815 (threshold: 0.5000)
2026-09-20 12:23:15,957 [INFO] [face_recognition.detector]: Initializing FaceDetector with model pack 'buffalo_sc' on CPU...
2026-09-20 12:23:16,067 [INFO] [face_recognition.detector]: FaceDetector successfully initialized.
2026-09-20 12:23:16,107 [INFO] [face_recognition.embedder]: FaceEmbedder successfully initialized with ArcFace ONNX model.
2026-09-20 12:23:16,107 [INFO] [face_recognition.engine]: FaceEngine pipeline fully initialized.
2026-09-20 12:24:17,982 [INFO] [face_recognition.cleanup]: Retention cleanup daemon stopped.
2026-09-20 12:31:50,874 [INFO] [face_recognition.detector]: Initializing FaceDetector with model pack 'buffalo_sc' on CPU...
2026-09-20 12:31:50,990 [INFO] [face_recognition.detector]: FaceDetector successfully initialized.
2026-09-20 12:31:50,990 [INFO] [face_recognition.embedder]: FaceEmbedder successfully initialized with ArcFace ONNX model.
2026-09-20 12:31:50,991 [INFO] [face_recognition.engine]: FaceEngine pipeline fully initialized.
2026-09-20 12:32:17,458 [INFO] [face_recognition.detector]: Initializing FaceDetector with model pack 'buffalo_sc' on CPU...
2026-09-20 12:32:17,551 [INFO] [face_recognition.detector]: FaceDetector successfully initialized.
2026-09-20 12:32:17,552 [INFO] [face_recognition.embedder]: FaceEmbedder successfully initialized with ArcFace ONNX model.
2026-09-20 12:32:17,553 [INFO] [face_recognition.engine]: FaceEngine pipeline fully initialized.
2026-09-20 12:32:17,719 [INFO] [face_recognition.detector]: Detected 1 face(s) with confidence >= 0.50
2026-09-20 12:32:25,153 [INFO] [face_recognition.detector]: Initializing FaceDetector with model pack 'buffalo_sc' on CPU...
2026-09-20 12:32:25,257 [INFO] [face_recognition.detector]: FaceDetector successfully initialized.
2026-09-20 12:32:25,257 [INFO] [face_recognition.embedder]: FaceEmbedder successfully initialized with ArcFace ONNX model.
2026-09-20 12:32:25,257 [INFO] [face_recognition.engine]: FaceEngine pipeline fully initialized.
2026-09-20 12:32:25,424 [INFO] [face_recognition.detector]: Detected 1 face(s) with confidence >= 0.50
2026-09-20 12:32:25,506 [INFO] [face_recognition.detector]: Detected 1 face(s) with confidence >= 0.50
2026-09-20 12:32:25,627 [INFO] [face_recognition.detector]: Detected 1 face(s) with confidence >= 0.50
2026-09-20 12:32:43,238 [INFO] [face_recognition.detector]: Initializing FaceDetector with model pack 'buffalo_sc' on CPU...
2026-09-20 12:32:43,333 [INFO] [face_recognition.detector]: FaceDetector successfully initialized.
2026-09-20 12:32:43,334 [INFO] [face_recognition.embedder]: FaceEmbedder successfully initialized with ArcFace ONNX model.
2026-09-20 12:32:43,334 [INFO] [face_recognition.engine]: FaceEngine pipeline fully initialized.
2026-09-20 12:32:43,511 [INFO] [face_recognition.detector]: Detected 1 face(s) with confidence >= 0.50
2026-09-20 12:32:43,536 [INFO] [face_recognition.detector]: Detected 1 face(s) with confidence >= 0.50
2026-09-20 12:33:07,580 [INFO] [face_recognition.detector]: Initializing FaceDetector with model pack 'buffalo_sc' on CPU...
2026-09-20 12:33:07,690 [INFO] [face_recognition.detector]: FaceDetector successfully initialized.
2026-09-20 12:33:07,694 [INFO] [face_recognition.embedder]: FaceEmbedder successfully initialized with ArcFace ONNX model.
2026-09-20 12:33:07,695 [INFO] [face_recognition.engine]: FaceEngine pipeline fully initialized.
2026-09-20 12:33:07,862 [INFO] [face_recognition.detector]: Detected 1 face(s) with confidence >= 0.50
2026-09-20 12:33:07,929 [INFO] [face_recognition.detector]: Detected 1 face(s) with confidence >= 0.50
2026-09-20 12:33:16,269 [INFO] [face_recognition.detector]: Initializing FaceDetector with model pack 'buffalo_sc' on CPU...
2026-09-20 12:33:16,365 [INFO] [face_recognition.detector]: FaceDetector successfully initialized.
2026-09-20 12:33:16,366 [INFO] [face_recognition.embedder]: FaceEmbedder successfully initialized with ArcFace ONNX model.
2026-09-20 12:33:16,366 [INFO] [face_recognition.engine]: FaceEngine pipeline fully initialized.
2026-09-20 12:33:16,549 [INFO] [face_recognition.detector]: Detected 1 face(s) with confidence >= 0.50
2026-09-20 12:33:16,609 [INFO] [face_recognition.detector]: Detected 1 face(s) with confidence >= 0.50
2026-09-20 12:33:16,693 [INFO] [face_recognition.detector]: Detected 1 face(s) with confidence >= 0.50
2026-09-20 12:33:16,785 [INFO] [face_recognition.detector]: Detected 1 face(s) with confidence >= 0.50
2026-09-20 12:33:57,531 [INFO] [face_recognition.detector]: Initializing FaceDetector with model pack 'buffalo_sc' on CPU...
2026-09-20 12:33:57,673 [INFO] [face_recognition.detector]: FaceDetector successfully initialized.
2026-09-20 12:33:57,674 [INFO] [face_recognition.embedder]: FaceEmbedder successfully initialized with ArcFace ONNX model.
2026-09-20 12:33:57,674 [INFO] [face_recognition.engine]: FaceEngine pipeline fully initialized.
2026-09-20 12:33:58,139 [INFO] [face_recognition.detector]: Detected 1 face(s) with confidence >= 0.45
2026-09-20 12:33:58,241 [INFO] [face_recognition.detector]: Detected 1 face(s) with confidence >= 0.45
2026-09-20 12:33:58,348 [INFO] [face_recognition.detector]: Detected 1 face(s) with confidence >= 0.45
2026-09-20 12:33:58,367 [INFO] [face_recognition.person_service]: Enrolled person 'Alice Johnson' (Code: person1, ID: 5) with 3 images and representative template.
2026-09-20 12:33:58,598 [INFO] [face_recognition.detector]: Detected 1 face(s) with confidence >= 0.45
2026-09-20 12:33:58,676 [INFO] [face_recognition.detector]: Detected 1 face(s) with confidence >= 0.45
2026-09-20 12:33:58,746 [INFO] [face_recognition.detector]: Detected 1 face(s) with confidence >= 0.45
2026-09-20 12:33:58,760 [INFO] [face_recognition.person_service]: Enrolled person 'Bob Lee' (Code: person2, ID: 6) with 3 images and representative template.
2026-09-20 12:33:59,000 [INFO] [face_recognition.detector]: Detected 1 face(s) with confidence >= 0.45
2026-09-20 12:33:59,079 [INFO] [face_recognition.detector]: Detected 1 face(s) with confidence >= 0.45
2026-09-20 12:33:59,161 [INFO] [face_recognition.detector]: Detected 1 face(s) with confidence >= 0.45
2026-09-20 12:33:59,175 [INFO] [face_recognition.person_service]: Enrolled person 'Carol Sharma' (Code: person3, ID: 7) with 3 images and representative template.
2026-09-20 12:34:24,089 [INFO] [face_recognition.detector]: Initializing FaceDetector with model pack 'buffalo_sc' on CPU...
2026-09-20 12:34:24,210 [INFO] [face_recognition.detector]: FaceDetector successfully initialized.
2026-09-20 12:34:24,211 [INFO] [face_recognition.embedder]: FaceEmbedder successfully initialized with ArcFace ONNX model.
2026-09-20 12:34:24,211 [INFO] [face_recognition.engine]: FaceEngine pipeline fully initialized.
2026-09-20 12:34:24,415 [INFO] [face_recognition.detector]: Detected 1 face(s) with confidence >= 0.50
2026-09-20 12:34:24,416 [INFO] [face_recognition.matcher]: Identity match: 'Alice Johnson' (ID: 5) with similarity score 0.9925 >= threshold 0.5000
2026-09-20 12:34:24,503 [INFO] [face_recognition.detector]: Detected 1 face(s) with confidence >= 0.50
2026-09-20 12:34:24,504 [INFO] [face_recognition.matcher]: Identity match: 'Alice Johnson' (ID: 5) with similarity score 0.9812 >= threshold 0.5000
2026-09-20 12:34:24,615 [INFO] [face_recognition.detector]: Detected 1 face(s) with confidence >= 0.50
2026-09-20 12:34:24,616 [INFO] [face_recognition.matcher]: Identity match: 'Bob Lee' (ID: 6) with similarity score 0.9937 >= threshold 0.5000
2026-09-20 12:34:24,699 [INFO] [face_recognition.detector]: Detected 1 face(s) with confidence >= 0.50
2026-09-20 12:34:24,700 [INFO] [face_recognition.matcher]: Identity match: 'Bob Lee' (ID: 6) with similarity score 0.9858 >= threshold 0.5000
2026-09-20 12:34:24,784 [INFO] [face_recognition.detector]: Detected 1 face(s) with confidence >= 0.50
2026-09-20 12:34:24,785 [INFO] [face_recognition.matcher]: Identity match: 'Carol Sharma' (ID: 7) with similarity score 0.9956 >= threshold 0.5000
2026-09-20 12:34:24,874 [INFO] [face_recognition.detector]: Detected 1 face(s) with confidence >= 0.50
2026-09-20 12:34:24,876 [INFO] [face_recognition.matcher]: Identity match: 'Carol Sharma' (ID: 7) with similarity score 0.9916 >= threshold 0.5000
2026-09-20 12:34:24,977 [INFO] [face_recognition.detector]: Detected 1 face(s) with confidence >= 0.50
2026-09-20 12:34:24,978 [INFO] [face_recognition.matcher]: Unknown person rejected: highest similarity score 0.2678 is below threshold 0.5000
2026-09-20 12:34:25,047 [INFO] [face_recognition.detector]: Detected 1 face(s) with confidence >= 0.50
2026-09-20 12:34:25,048 [INFO] [face_recognition.matcher]: Unknown person rejected: highest similarity score 0.2650 is below threshold 0.5000
2026-09-20 12:34:25,120 [INFO] [face_recognition.detector]: Detected 1 face(s) with confidence >= 0.50
2026-09-20 12:34:25,122 [INFO] [face_recognition.matcher]: Unknown person rejected: highest similarity score 0.2711 is below threshold 0.5000
2026-09-20 12:36:07,735 [INFO] [face_recognition.detector]: Initializing FaceDetector with model pack 'buffalo_sc' on CPU...
2026-09-20 12:36:07,844 [INFO] [face_recognition.detector]: FaceDetector successfully initialized.
2026-09-20 12:36:07,855 [INFO] [face_recognition.embedder]: FaceEmbedder successfully initialized with ArcFace ONNX model.
2026-09-20 12:36:07,888 [INFO] [face_recognition.engine]: FaceEngine pipeline fully initialized.
2026-09-20 12:38:14,764 [INFO] [face_recognition.detector]: Initializing FaceDetector with model pack 'buffalo_sc' on CPU...
2026-09-20 12:38:14,908 [INFO] [face_recognition.detector]: FaceDetector successfully initialized.
2026-09-20 12:38:14,940 [INFO] [face_recognition.embedder]: FaceEmbedder successfully initialized with ArcFace ONNX model.
2026-09-20 12:38:14,972 [INFO] [face_recognition.engine]: FaceEngine pipeline fully initialized.
2026-09-20 12:38:15,375 [INFO] [face_recognition.cleanup]: Retention cleanup daemon started. Interval: 86400 seconds, Retention: 30 days.
2026-09-20 12:38:15,375 [INFO] [face_recognition.cleanup]: Retention cleanup daemon thread launched (id=20180).
2026-09-20 12:38:15,375 [INFO] [face_recognition.cleanup]: Retention cleanup: scanning 'C:\Users\Ritheesh k\Downloads\face_rec\Ritheesh\backend\data\thumbnails' for files older than 30 day(s).
2026-09-20 12:38:15,383 [INFO] [face_recognition.cleanup]: Retention cleanup: finished. Deleted 0 file(s).
2026-09-20 12:40:02,229 [INFO] [face_recognition.detector]: Detected 1 face(s) with confidence >= 0.50
2026-09-20 12:40:02,252 [INFO] [face_recognition.recognition_service]: Matching 1 detected face(s) against 7 enrolled template(s)...
2026-09-20 12:40:02,280 [INFO] [face_recognition.matcher]: Unknown person rejected: highest similarity score 0.4608 is below threshold 0.5000
2026-09-20 12:40:02,302 [INFO] [face_recognition.recognition_service]: Recognition completed in 169.66 ms. Status: UNKNOWN. Best similarity: 0.4608 (threshold: 0.5000)
2026-09-20 12:40:05,411 [INFO] [face_recognition.detector]: Detected 2 face(s) with confidence >= 0.50
2026-09-20 12:40:05,439 [INFO] [face_recognition.recognition_service]: Matching 2 detected face(s) against 7 enrolled template(s)...
2026-09-20 12:40:05,459 [INFO] [face_recognition.matcher]: Identity match: 'ritheesh' (ID: 1) with similarity score 0.5138 >= threshold 0.5000
2026-09-20 12:40:05,484 [INFO] [face_recognition.matcher]: Unknown person rejected: highest similarity score 0.0248 is below threshold 0.5000
2026-09-20 12:40:05,512 [INFO] [face_recognition.recognition_service]: Recognition completed in 233.98 ms. Status: KNOWN. Best similarity: 0.5138 (threshold: 0.5000)
2026-09-20 12:40:09,458 [INFO] [face_recognition.detector]: Detected 2 face(s) with confidence >= 0.50
2026-09-20 12:40:09,476 [INFO] [face_recognition.recognition_service]: Matching 2 detected face(s) against 7 enrolled template(s)...
2026-09-20 12:40:09,503 [INFO] [face_recognition.matcher]: Unknown person rejected: highest similarity score 0.0369 is below threshold 0.5000
2026-09-20 12:40:09,528 [INFO] [face_recognition.matcher]: Identity match: 'ritheesh' (ID: 1) with similarity score 0.5142 >= threshold 0.5000
2026-09-20 12:40:09,551 [INFO] [face_recognition.recognition_service]: Recognition completed in 144.29 ms. Status: KNOWN. Best similarity: 0.5142 (threshold: 0.5000)
2026-09-20 12:44:30,675 [INFO] [face_recognition.person_service]: Deleted person ID: 5
2026-09-20 12:44:37,303 [INFO] [face_recognition.person_service]: Deleted person ID: 6
2026-09-20 12:44:40,962 [INFO] [face_recognition.person_service]: Deleted person ID: 7
2026-09-20 12:49:20,594 [INFO] [face_recognition.detector]: Initializing FaceDetector with model pack 'buffalo_sc' on CPU...
2026-09-20 12:49:20,692 [INFO] [face_recognition.detector]: FaceDetector successfully initialized.
2026-09-20 12:49:20,693 [INFO] [face_recognition.embedder]: FaceEmbedder successfully initialized with ArcFace ONNX model.
2026-09-20 12:49:20,693 [INFO] [face_recognition.engine]: FaceEngine pipeline fully initialized.
2026-09-20 12:49:20,904 [INFO] [face_recognition.detector]: Detected 1 face(s) with confidence >= 0.50
2026-09-20 12:49:20,976 [INFO] [face_recognition.detector]: Detected 1 face(s) with confidence >= 0.50
2026-09-20 12:50:30,918 [INFO] [face_recognition.cleanup]: Retention cleanup daemon stopped.
2026-09-20 12:50:34,189 [INFO] [face_recognition.detector]: Initializing FaceDetector with model pack 'buffalo_sc' on CPU...
2026-09-20 12:50:34,304 [INFO] [face_recognition.detector]: FaceDetector successfully initialized.
2026-09-20 12:50:34,344 [INFO] [face_recognition.embedder]: FaceEmbedder successfully initialized with ArcFace ONNX model.
2026-09-20 12:50:34,379 [INFO] [face_recognition.engine]: FaceEngine pipeline fully initialized.
2026-09-20 12:50:34,825 [INFO] [face_recognition.cleanup]: Retention cleanup daemon started. Interval: 86400 seconds, Retention: 30 days.
2026-09-20 12:50:34,826 [INFO] [face_recognition.cleanup]: Retention cleanup daemon thread launched (id=26020).
2026-09-20 12:50:34,826 [INFO] [face_recognition.cleanup]: Retention cleanup: scanning 'C:\Users\Ritheesh k\Downloads\face_rec\Ritheesh\backend\data\thumbnails' for files older than 30 day(s).
2026-09-20 12:50:34,832 [INFO] [face_recognition.cleanup]: Retention cleanup: finished. Deleted 0 file(s).
2026-09-20 12:50:40,862 [INFO] [face_recognition.cleanup]: Retention cleanup daemon stopped.
2026-09-20 12:50:43,395 [INFO] [face_recognition.detector]: Initializing FaceDetector with model pack 'buffalo_sc' on CPU...
2026-09-20 12:50:43,498 [INFO] [face_recognition.detector]: FaceDetector successfully initialized.
2026-09-20 12:50:43,521 [INFO] [face_recognition.embedder]: FaceEmbedder successfully initialized with ArcFace ONNX model.
2026-09-20 12:50:43,570 [INFO] [face_recognition.engine]: FaceEngine pipeline fully initialized.
2026-09-20 12:50:44,047 [INFO] [face_recognition.cleanup]: Retention cleanup daemon started. Interval: 86400 seconds, Retention: 30 days.
2026-09-20 12:50:44,047 [INFO] [face_recognition.cleanup]: Retention cleanup daemon thread launched (id=25140).
2026-09-20 12:50:44,047 [INFO] [face_recognition.cleanup]: Retention cleanup: scanning 'C:\Users\Ritheesh k\Downloads\face_rec\Ritheesh\backend\data\thumbnails' for files older than 30 day(s).
2026-09-20 12:50:44,052 [INFO] [face_recognition.cleanup]: Retention cleanup: finished. Deleted 0 file(s).
2026-09-20 12:50:49,220 [INFO] [face_recognition.detector]: Initializing FaceDetector with model pack 'buffalo_sc' on CPU...
2026-09-20 12:50:49,346 [INFO] [face_recognition.detector]: FaceDetector successfully initialized.
2026-09-20 12:50:49,347 [INFO] [face_recognition.embedder]: FaceEmbedder successfully initialized with ArcFace ONNX model.
2026-09-20 12:50:49,347 [INFO] [face_recognition.engine]: FaceEngine pipeline fully initialized.
2026-09-20 12:50:57,431 [INFO] [face_recognition.detector]: Initializing FaceDetector with model pack 'buffalo_sc' on CPU...
2026-09-20 12:50:57,534 [INFO] [face_recognition.detector]: FaceDetector successfully initialized.
2026-09-20 12:50:57,535 [INFO] [face_recognition.embedder]: FaceEmbedder successfully initialized with ArcFace ONNX model.
2026-09-20 12:50:57,535 [INFO] [face_recognition.engine]: FaceEngine pipeline fully initialized.
2026-09-20 12:50:57,697 [INFO] [face_recognition.detector]: Detected 1 face(s) with confidence >= 0.45
2026-09-20 12:50:57,799 [INFO] [face_recognition.detector]: Detected 1 face(s) with confidence >= 0.45
2026-09-20 12:50:57,866 [INFO] [face_recognition.detector]: Detected 1 face(s) with confidence >= 0.45
2026-09-20 12:50:57,946 [INFO] [face_recognition.detector]: Detected 1 face(s) with confidence >= 0.45
2026-09-20 12:50:58,002 [INFO] [face_recognition.detector]: Detected 1 face(s) with confidence >= 0.45
2026-09-20 12:50:58,056 [INFO] [face_recognition.detector]: Detected 1 face(s) with confidence >= 0.45
2026-09-20 12:51:16,826 [INFO] [face_recognition.cleanup]: Retention cleanup daemon stopped.
2026-09-20 12:51:19,344 [INFO] [face_recognition.detector]: Initializing FaceDetector with model pack 'buffalo_sc' on CPU...
2026-09-20 12:51:19,436 [INFO] [face_recognition.detector]: FaceDetector successfully initialized.
2026-09-20 12:51:19,469 [INFO] [face_recognition.embedder]: FaceEmbedder successfully initialized with ArcFace ONNX model.
2026-09-20 12:51:19,515 [INFO] [face_recognition.engine]: FaceEngine pipeline fully initialized.
2026-09-20 12:51:19,957 [INFO] [face_recognition.cleanup]: Retention cleanup daemon started. Interval: 86400 seconds, Retention: 30 days.
2026-09-20 12:51:19,957 [INFO] [face_recognition.cleanup]: Retention cleanup daemon thread launched (id=25452).
2026-09-20 12:51:19,957 [INFO] [face_recognition.cleanup]: Retention cleanup: scanning 'C:\Users\Ritheesh k\Downloads\face_rec\Ritheesh\backend\data\thumbnails' for files older than 30 day(s).
2026-09-20 12:51:19,964 [INFO] [face_recognition.cleanup]: Retention cleanup: finished. Deleted 0 file(s).
2026-09-20 12:51:49,127 [INFO] [face_recognition.detector]: Detected 1 face(s) with confidence >= 0.45
2026-09-20 12:51:49,216 [INFO] [face_recognition.detector]: Detected 1 face(s) with confidence >= 0.45
2026-09-20 12:51:49,299 [INFO] [face_recognition.detector]: Detected 1 face(s) with confidence >= 0.45
2026-09-20 12:51:51,459 [INFO] [face_recognition.detector]: Detected 1 face(s) with confidence >= 0.45
2026-09-20 12:51:51,565 [INFO] [face_recognition.detector]: Detected 1 face(s) with confidence >= 0.45
2026-09-20 12:51:51,694 [INFO] [face_recognition.detector]: Detected 1 face(s) with confidence >= 0.45
2026-09-20 12:51:58,451 [INFO] [face_recognition.detector]: Detected 1 face(s) with confidence >= 0.45
2026-09-20 12:51:58,562 [INFO] [face_recognition.detector]: Detected 1 face(s) with confidence >= 0.45
2026-09-20 12:51:58,669 [INFO] [face_recognition.detector]: Detected 1 face(s) with confidence >= 0.45
2026-09-20 12:58:08,465 [INFO] [face_recognition.detector]: Detected 3 face(s) with confidence >= 0.45
2026-09-20 12:58:26,101 [INFO] [face_recognition.detector]: Detected 1 face(s) with confidence >= 0.45
2026-09-20 12:58:26,389 [INFO] [face_recognition.detector]: Detected 1 face(s) with confidence >= 0.45
2026-09-20 12:58:26,787 [INFO] [face_recognition.detector]: Detected 1 face(s) with confidence >= 0.45
2026-09-20 12:59:05,521 [INFO] [face_recognition.detector]: Detected 1 face(s) with confidence >= 0.45
2026-09-20 12:59:05,992 [INFO] [face_recognition.detector]: Detected 1 face(s) with confidence >= 0.45
2026-09-20 12:59:06,217 [INFO] [face_recognition.detector]: Detected 1 face(s) with confidence >= 0.45
2026-09-20 13:01:23,542 [INFO] [face_recognition.cleanup]: Retention cleanup daemon stopped.
2026-09-20 13:01:27,188 [INFO] [face_recognition.detector]: Initializing FaceDetector with model pack 'buffalo_sc' on CPU...
2026-09-20 13:01:27,274 [INFO] [face_recognition.detector]: FaceDetector successfully initialized.
2026-09-20 13:01:27,323 [INFO] [face_recognition.embedder]: FaceEmbedder successfully initialized with ArcFace ONNX model.
2026-09-20 13:01:27,332 [INFO] [face_recognition.engine]: FaceEngine pipeline fully initialized.
2026-09-20 13:01:27,665 [INFO] [face_recognition.cleanup]: Retention cleanup daemon started. Interval: 86400 seconds, Retention: 30 days.
2026-09-20 13:01:27,666 [INFO] [face_recognition.cleanup]: Retention cleanup daemon thread launched (id=4996).
2026-09-20 13:01:27,697 [INFO] [face_recognition.cleanup]: Retention cleanup: scanning 'C:\Users\Ritheesh k\Downloads\face_rec\Ritheesh\backend\data\thumbnails' for files older than 30 day(s).
2026-09-20 13:01:27,743 [INFO] [face_recognition.cleanup]: Retention cleanup: finished. Deleted 0 file(s).
2026-09-20 13:02:01,284 [INFO] [face_recognition.cleanup]: Retention cleanup daemon stopped.
2026-09-20 13:02:04,462 [INFO] [face_recognition.detector]: Initializing FaceDetector with model pack 'buffalo_sc' on CPU...
2026-09-20 13:02:04,551 [INFO] [face_recognition.detector]: FaceDetector successfully initialized.
2026-09-20 13:02:04,603 [INFO] [face_recognition.embedder]: FaceEmbedder successfully initialized with ArcFace ONNX model.
2026-09-20 13:02:04,637 [INFO] [face_recognition.engine]: FaceEngine pipeline fully initialized.
2026-09-20 13:02:05,104 [INFO] [face_recognition.cleanup]: Retention cleanup daemon started. Interval: 86400 seconds, Retention: 30 days.
2026-09-20 13:02:05,104 [INFO] [face_recognition.cleanup]: Retention cleanup daemon thread launched (id=8136).
2026-09-20 13:02:05,106 [INFO] [face_recognition.cleanup]: Retention cleanup: scanning 'C:\Users\Ritheesh k\Downloads\face_rec\Ritheesh\backend\data\thumbnails' for files older than 30 day(s).
2026-09-20 13:02:05,112 [INFO] [face_recognition.cleanup]: Retention cleanup: finished. Deleted 0 file(s).
2026-09-20 13:02:09,354 [INFO] [face_recognition.detector]: Initializing FaceDetector with model pack 'buffalo_sc' on CPU...
2026-09-20 13:02:09,452 [INFO] [face_recognition.detector]: FaceDetector successfully initialized.
2026-09-20 13:02:09,453 [INFO] [face_recognition.embedder]: FaceEmbedder successfully initialized with ArcFace ONNX model.
2026-09-20 13:02:09,453 [INFO] [face_recognition.engine]: FaceEngine pipeline fully initialized.
2026-09-20 13:02:09,706 [INFO] [face_recognition.detector]: Detected 1 face(s) with confidence >= 0.45
2026-09-20 13:02:09,816 [INFO] [face_recognition.detector]: Detected 1 face(s) with confidence >= 0.45
2026-09-20 13:02:09,881 [INFO] [face_recognition.detector]: Detected 1 face(s) with confidence >= 0.45
2026-09-20 13:02:25,836 [INFO] [face_recognition.detector]: Initializing FaceDetector with model pack 'buffalo_sc' on CPU...
2026-09-20 13:02:25,926 [INFO] [face_recognition.detector]: FaceDetector successfully initialized.
2026-09-20 13:02:25,932 [INFO] [face_recognition.embedder]: FaceEmbedder successfully initialized with ArcFace ONNX model.
2026-09-20 13:02:25,932 [INFO] [face_recognition.engine]: FaceEngine pipeline fully initialized.
2026-09-20 13:02:26,131 [INFO] [face_recognition.detector]: Detected 1 face(s) with confidence >= 0.45
2026-09-20 13:02:26,240 [INFO] [face_recognition.detector]: Detected 1 face(s) with confidence >= 0.45
2026-09-20 13:02:26,321 [INFO] [face_recognition.detector]: Detected 1 face(s) with confidence >= 0.45
2026-09-20 13:03:39,249 [INFO] [face_recognition.detector]: Detected 1 face(s) with confidence >= 0.45
2026-09-20 13:03:39,332 [INFO] [face_recognition.detector]: Detected 1 face(s) with confidence >= 0.45
2026-09-20 13:03:39,422 [INFO] [face_recognition.detector]: Detected 1 face(s) with confidence >= 0.45
2026-09-20 13:03:41,611 [INFO] [face_recognition.detector]: Detected 1 face(s) with confidence >= 0.45
2026-09-20 13:03:41,691 [INFO] [face_recognition.detector]: Detected 1 face(s) with confidence >= 0.45
2026-09-20 13:03:41,828 [INFO] [face_recognition.detector]: Detected 1 face(s) with confidence >= 0.45
2026-09-20 13:09:07,357 [INFO] [face_recognition.detector]: Detected 1 face(s) with confidence >= 0.45
2026-09-20 13:09:09,574 [INFO] [face_recognition.detector]: Detected 1 face(s) with confidence >= 0.45
2026-09-20 13:09:11,171 [INFO] [face_recognition.detector]: Detected 1 face(s) with confidence >= 0.45
2026-09-20 13:09:14,631 [INFO] [face_recognition.detector]: Detected 1 face(s) with confidence >= 0.45
2026-09-20 13:09:16,807 [INFO] [face_recognition.detector]: Detected 1 face(s) with confidence >= 0.45
2026-09-20 13:09:17,881 [INFO] [face_recognition.detector]: Detected 1 face(s) with confidence >= 0.45
2026-09-20 13:09:18,990 [INFO] [face_recognition.detector]: Detected 1 face(s) with confidence >= 0.45
2026-09-20 13:13:28,482 [INFO] [face_recognition.detector]: Detected 1 face(s) with confidence >= 0.45
2026-09-20 13:13:29,349 [INFO] [face_recognition.detector]: Detected 1 face(s) with confidence >= 0.45
2026-09-20 13:13:31,274 [INFO] [face_recognition.detector]: Detected 1 face(s) with confidence >= 0.45
2026-09-20 13:13:38,274 [INFO] [face_recognition.detector]: Detected 1 face(s) with confidence >= 0.45
2026-09-20 13:13:38,975 [INFO] [face_recognition.detector]: Detected 1 face(s) with confidence >= 0.45
2026-09-20 13:13:40,253 [INFO] [face_recognition.detector]: Detected 1 face(s) with confidence >= 0.45
2026-09-20 13:13:41,665 [INFO] [face_recognition.detector]: Detected 1 face(s) with confidence >= 0.45
2026-09-20 13:13:55,678 [INFO] [face_recognition.detector]: Detected 1 face(s) with confidence >= 0.45
2026-09-20 13:13:57,453 [INFO] [face_recognition.detector]: Detected 1 face(s) with confidence >= 0.45
2026-09-20 13:14:00,116 [INFO] [face_recognition.detector]: Detected 1 face(s) with confidence >= 0.45
2026-09-20 13:14:05,732 [INFO] [face_recognition.detector]: Detected 1 face(s) with confidence >= 0.45
2026-09-20 13:14:14,293 [INFO] [face_recognition.detector]: Detected 1 face(s) with confidence >= 0.45
2026-09-20 13:14:30,241 [INFO] [face_recognition.detector]: Detected 1 face(s) with confidence >= 0.45
2026-09-20 13:14:31,008 [INFO] [face_recognition.detector]: Detected 1 face(s) with confidence >= 0.45
2026-09-20 13:14:32,317 [INFO] [face_recognition.detector]: Detected 1 face(s) with confidence >= 0.45
2026-09-20 13:14:33,227 [INFO] [face_recognition.detector]: Detected 1 face(s) with confidence >= 0.45
2026-09-20 13:14:34,317 [INFO] [face_recognition.detector]: Detected 1 face(s) with confidence >= 0.45
2026-09-20 13:14:47,233 [INFO] [face_recognition.detector]: Detected 1 face(s) with confidence >= 0.45
2026-09-20 13:14:47,871 [INFO] [face_recognition.detector]: Detected 1 face(s) with confidence >= 0.45
2026-09-20 13:14:49,689 [INFO] [face_recognition.detector]: Detected 1 face(s) with confidence >= 0.45
2026-09-20 13:14:51,905 [INFO] [face_recognition.detector]: Detected 1 face(s) with confidence >= 0.45
2026-09-20 13:14:54,881 [INFO] [face_recognition.detector]: Detected 1 face(s) with confidence >= 0.45
2026-09-20 13:17:20,985 [INFO] [face_recognition.cleanup]: Retention cleanup daemon stopped.
2026-09-20 13:17:26,262 [INFO] [face_recognition.detector]: Initializing FaceDetector with model pack 'buffalo_sc' on CPU...
2026-09-20 13:17:26,699 [INFO] [face_recognition.detector]: FaceDetector successfully initialized.
2026-09-20 13:17:26,716 [INFO] [face_recognition.embedder]: FaceEmbedder successfully initialized with ArcFace ONNX model.
2026-09-20 13:17:26,728 [INFO] [face_recognition.engine]: FaceEngine pipeline fully initialized.
2026-09-20 13:17:31,027 [INFO] [face_recognition.cleanup]: Retention cleanup daemon started. Interval: 86400 seconds, Retention: 30 days.
2026-09-20 13:17:31,027 [INFO] [face_recognition.cleanup]: Retention cleanup daemon thread launched (id=25852).
2026-09-20 13:17:31,032 [INFO] [face_recognition.cleanup]: Retention cleanup: scanning 'C:\Users\Ritheesh k\Downloads\face_rec\Ritheesh\backend\data\thumbnails' for files older than 30 day(s).
2026-09-20 13:17:31,348 [INFO] [face_recognition.cleanup]: Retention cleanup: finished. Deleted 0 file(s).
2026-09-20 13:17:48,503 [INFO] [face_recognition.cleanup]: Retention cleanup daemon stopped.
2026-09-20 13:17:53,194 [INFO] [face_recognition.detector]: Initializing FaceDetector with model pack 'buffalo_sc' on CPU...
2026-09-20 13:17:53,621 [INFO] [face_recognition.detector]: FaceDetector successfully initialized.
2026-09-20 13:17:53,633 [INFO] [face_recognition.embedder]: FaceEmbedder successfully initialized with ArcFace ONNX model.
2026-09-20 13:17:53,642 [INFO] [face_recognition.engine]: FaceEngine pipeline fully initialized.
2026-09-20 13:17:57,366 [INFO] [face_recognition.cleanup]: Retention cleanup daemon started. Interval: 86400 seconds, Retention: 30 days.
2026-09-20 13:17:57,366 [INFO] [face_recognition.cleanup]: Retention cleanup daemon thread launched (id=11076).
2026-09-20 13:17:57,467 [INFO] [face_recognition.cleanup]: Retention cleanup: scanning 'C:\Users\Ritheesh k\Downloads\face_rec\Ritheesh\backend\data\thumbnails' for files older than 30 day(s).
2026-09-20 13:17:58,059 [INFO] [face_recognition.cleanup]: Retention cleanup: finished. Deleted 0 file(s).
2026-09-20 13:18:00,949 [INFO] [face_recognition.cleanup]: Retention cleanup daemon stopped.
2026-09-20 13:18:05,693 [INFO] [face_recognition.detector]: Initializing FaceDetector with model pack 'buffalo_sc' on CPU...
2026-09-20 13:18:06,133 [INFO] [face_recognition.detector]: FaceDetector successfully initialized.
2026-09-20 13:18:06,143 [INFO] [face_recognition.embedder]: FaceEmbedder successfully initialized with ArcFace ONNX model.
2026-09-20 13:18:06,154 [INFO] [face_recognition.engine]: FaceEngine pipeline fully initialized.
2026-09-20 13:18:10,398 [INFO] [face_recognition.cleanup]: Retention cleanup daemon started. Interval: 86400 seconds, Retention: 30 days.
2026-09-20 13:18:10,403 [INFO] [face_recognition.cleanup]: Retention cleanup daemon thread launched (id=20528).
2026-09-20 13:18:10,408 [INFO] [face_recognition.cleanup]: Retention cleanup: scanning 'C:\Users\Ritheesh k\Downloads\face_rec\Ritheesh\backend\data\thumbnails' for files older than 30 day(s).
2026-09-20 13:18:10,960 [INFO] [face_recognition.cleanup]: Retention cleanup: finished. Deleted 0 file(s).
2026-09-20 13:18:17,433 [INFO] [face_recognition.cleanup]: Retention cleanup daemon stopped.
2026-09-20 13:18:21,884 [INFO] [face_recognition.detector]: Initializing FaceDetector with model pack 'buffalo_sc' on CPU...
2026-09-20 13:18:22,333 [INFO] [face_recognition.detector]: FaceDetector successfully initialized.
2026-09-20 13:18:22,344 [INFO] [face_recognition.embedder]: FaceEmbedder successfully initialized with ArcFace ONNX model.
2026-09-20 13:18:22,354 [INFO] [face_recognition.engine]: FaceEngine pipeline fully initialized.
2026-09-20 13:18:27,468 [INFO] [face_recognition.cleanup]: Retention cleanup daemon started. Interval: 86400 seconds, Retention: 30 days.
2026-09-20 13:18:27,469 [INFO] [face_recognition.cleanup]: Retention cleanup daemon thread launched (id=16052).
2026-09-20 13:18:27,482 [INFO] [face_recognition.cleanup]: Retention cleanup: scanning 'C:\Users\Ritheesh k\Downloads\face_rec\Ritheesh\backend\data\thumbnails' for files older than 30 day(s).
2026-09-20 13:18:29,050 [INFO] [face_recognition.cleanup]: Retention cleanup: finished. Deleted 0 file(s).
2026-09-20 13:20:02,133 [INFO] [face_recognition.detector]: Detected 1 face(s) with confidence >= 0.45
2026-09-20 13:20:02,364 [INFO] [face_recognition.detector]: Detected 1 face(s) with confidence >= 0.45
2026-09-20 13:20:02,452 [INFO] [face_recognition.detector]: Detected 1 face(s) with confidence >= 0.45
2026-09-20 13:20:02,550 [INFO] [face_recognition.detector]: Detected 1 face(s) with confidence >= 0.45
2026-09-20 13:20:02,672 [INFO] [face_recognition.detector]: Detected 1 face(s) with confidence >= 0.45
2026-09-20 13:20:02,780 [INFO] [face_recognition.detector]: Detected 1 face(s) with confidence >= 0.45
2026-09-20 13:20:12,693 [INFO] [face_recognition.detector]: Detected 1 face(s) with confidence >= 0.45
2026-09-20 13:20:12,968 [INFO] [face_recognition.detector]: Detected 1 face(s) with confidence >= 0.45
2026-09-20 13:20:13,211 [INFO] [face_recognition.detector]: Detected 1 face(s) with confidence >= 0.45
2026-09-20 13:20:13,342 [INFO] [face_recognition.detector]: Detected 1 face(s) with confidence >= 0.45
2026-09-20 13:20:13,446 [INFO] [face_recognition.detector]: Detected 1 face(s) with confidence >= 0.45
2026-09-20 13:20:13,552 [INFO] [face_recognition.detector]: Detected 1 face(s) with confidence >= 0.45
2026-09-20 13:20:13,626 [INFO] [face_recognition.person_service]: Enrolled person 'Six Photo User' (Code: six_photos_code, ID: 5) with 6 images and representative template.
2026-09-20 13:23:37,583 [INFO] [face_recognition.detector]: Initializing FaceDetector with model pack 'buffalo_sc' on CPU...
2026-09-20 13:23:37,724 [INFO] [face_recognition.detector]: FaceDetector successfully initialized.
2026-09-20 13:23:37,725 [INFO] [face_recognition.embedder]: FaceEmbedder successfully initialized with ArcFace ONNX model.
2026-09-20 13:23:37,725 [INFO] [face_recognition.engine]: FaceEngine pipeline fully initialized.
2026-09-20 13:23:48,684 [INFO] [face_recognition.detector]: Initializing FaceDetector with model pack 'buffalo_sc' on CPU...
2026-09-20 13:23:48,986 [INFO] [face_recognition.detector]: FaceDetector successfully initialized.
2026-09-20 13:23:48,987 [INFO] [face_recognition.embedder]: FaceEmbedder successfully initialized with ArcFace ONNX model.
2026-09-20 13:23:48,987 [INFO] [face_recognition.engine]: FaceEngine pipeline fully initialized.
2026-09-20 13:23:49,892 [INFO] [face_recognition.detector]: Detected 1 face(s) with confidence >= 0.45
2026-09-20 13:23:49,963 [INFO] [face_recognition.detector]: Detected 1 face(s) with confidence >= 0.45
2026-09-20 13:23:50,035 [INFO] [face_recognition.detector]: Detected 1 face(s) with confidence >= 0.45
2026-09-20 13:23:50,100 [INFO] [face_recognition.detector]: Detected 1 face(s) with confidence >= 0.45
2026-09-20 13:23:50,194 [INFO] [face_recognition.detector]: Detected 1 face(s) with confidence >= 0.45
2026-09-20 13:23:50,349 [INFO] [face_recognition.detector]: Detected 1 face(s) with confidence >= 0.45
2026-09-20 13:25:03,317 [INFO] [face_recognition.detector]: Detected 1 face(s) with confidence >= 0.45
2026-09-20 13:25:03,663 [INFO] [face_recognition.detector]: Detected 1 face(s) with confidence >= 0.45
2026-09-20 13:25:03,852 [INFO] [face_recognition.detector]: Detected 1 face(s) with confidence >= 0.45
2026-09-20 13:25:03,972 [INFO] [face_recognition.detector]: Detected 1 face(s) with confidence >= 0.45
2026-09-20 13:25:04,099 [INFO] [face_recognition.detector]: Detected 1 face(s) with confidence >= 0.45
2026-09-20 13:25:04,218 [INFO] [face_recognition.detector]: Detected 1 face(s) with confidence >= 0.45
2026-09-20 13:25:06,403 [INFO] [face_recognition.detector]: Detected 1 face(s) with confidence >= 0.45
2026-09-20 13:25:06,833 [INFO] [face_recognition.detector]: Detected 1 face(s) with confidence >= 0.45
2026-09-20 13:25:07,069 [INFO] [face_recognition.detector]: Detected 1 face(s) with confidence >= 0.45
2026-09-20 13:25:07,199 [INFO] [face_recognition.detector]: Detected 1 face(s) with confidence >= 0.45
2026-09-20 13:25:07,320 [INFO] [face_recognition.detector]: Detected 1 face(s) with confidence >= 0.45
2026-09-20 13:25:07,433 [INFO] [face_recognition.detector]: Detected 1 face(s) with confidence >= 0.45
2026-09-20 13:26:12,461 [INFO] [face_recognition.detector]: Detected 1 face(s) with confidence >= 0.45
2026-09-20 13:26:13,615 [INFO] [face_recognition.detector]: Detected 1 face(s) with confidence >= 0.45
2026-09-20 13:26:14,921 [INFO] [face_recognition.detector]: Detected 1 face(s) with confidence >= 0.45
2026-09-20 13:26:17,848 [INFO] [face_recognition.detector]: Detected 1 face(s) with confidence >= 0.45
2026-09-20 13:26:20,936 [INFO] [face_recognition.detector]: Detected 1 face(s) with confidence >= 0.45
2026-09-20 13:26:27,601 [INFO] [face_recognition.detector]: Detected 1 face(s) with confidence >= 0.45
2026-09-20 13:26:40,940 [INFO] [face_recognition.detector]: Detected 1 face(s) with confidence >= 0.45
2026-09-20 13:26:41,926 [INFO] [face_recognition.detector]: Detected 1 face(s) with confidence >= 0.45
2026-09-20 13:26:43,862 [INFO] [face_recognition.detector]: Detected 1 face(s) with confidence >= 0.45
2026-09-20 13:26:45,334 [INFO] [face_recognition.detector]: Detected 1 face(s) with confidence >= 0.45
2026-09-20 13:26:46,345 [INFO] [face_recognition.detector]: Detected 1 face(s) with confidence >= 0.45
2026-09-20 13:26:53,945 [INFO] [face_recognition.detector]: Detected 1 face(s) with confidence >= 0.45
2026-09-20 13:26:55,162 [INFO] [face_recognition.detector]: Detected 1 face(s) with confidence >= 0.45
2026-09-20 13:26:57,261 [INFO] [face_recognition.detector]: Detected 1 face(s) with confidence >= 0.45
2026-09-20 13:26:59,848 [INFO] [face_recognition.detector]: Detected 1 face(s) with confidence >= 0.45
2026-09-20 13:27:02,403 [INFO] [face_recognition.detector]: Detected 1 face(s) with confidence >= 0.45
2026-09-20 13:27:04,193 [INFO] [face_recognition.detector]: Detected 1 face(s) with confidence >= 0.45
2026-09-20 13:27:06,990 [INFO] [face_recognition.detector]: Detected 1 face(s) with confidence >= 0.45
2026-09-20 13:27:10,905 [INFO] [face_recognition.detector]: Detected 1 face(s) with confidence >= 0.45
2026-09-20 13:27:14,968 [INFO] [face_recognition.detector]: Detected 1 face(s) with confidence >= 0.45
2026-09-20 13:27:18,555 [INFO] [face_recognition.detector]: Detected 1 face(s) with confidence >= 0.45
2026-09-20 13:27:20,425 [INFO] [face_recognition.detector]: Detected 1 face(s) with confidence >= 0.45
2026-09-20 13:27:21,028 [INFO] [face_recognition.detector]: Detected 1 face(s) with confidence >= 0.45
2026-09-20 13:27:21,894 [INFO] [face_recognition.detector]: Detected 1 face(s) with confidence >= 0.45
2026-09-20 13:28:39,079 [INFO] [face_recognition.detector]: Detected 1 face(s) with confidence >= 0.45
2026-09-20 13:28:39,736 [INFO] [face_recognition.detector]: Detected 1 face(s) with confidence >= 0.45
2026-09-20 13:28:41,531 [INFO] [face_recognition.detector]: Detected 1 face(s) with confidence >= 0.45
2026-09-20 13:28:42,622 [INFO] [face_recognition.detector]: Detected 1 face(s) with confidence >= 0.45
2026-09-20 13:28:47,945 [INFO] [face_recognition.detector]: Detected 1 face(s) with confidence >= 0.45
2026-09-20 13:28:59,678 [INFO] [face_recognition.detector]: Detected 1 face(s) with confidence >= 0.45
2026-09-20 13:29:08,574 [INFO] [face_recognition.detector]: Detected 1 face(s) with confidence >= 0.45
2026-09-20 13:29:10,088 [INFO] [face_recognition.detector]: Detected 1 face(s) with confidence >= 0.45
2026-09-20 13:29:15,013 [INFO] [face_recognition.detector]: Detected 1 face(s) with confidence >= 0.45
2026-09-20 13:29:19,714 [INFO] [face_recognition.detector]: Detected 1 face(s) with confidence >= 0.45
2026-09-20 13:29:27,054 [INFO] [face_recognition.detector]: Detected 3 face(s) with confidence >= 0.45
2026-09-20 13:29:33,404 [INFO] [face_recognition.detector]: Detected 1 face(s) with confidence >= 0.45
2026-09-20 13:29:42,755 [INFO] [face_recognition.detector]: Detected 1 face(s) with confidence >= 0.45
2026-09-20 13:29:44,813 [INFO] [face_recognition.detector]: Detected 1 face(s) with confidence >= 0.45
2026-09-20 13:29:45,954 [INFO] [face_recognition.detector]: Detected 1 face(s) with confidence >= 0.45
2026-09-20 13:29:54,249 [INFO] [face_recognition.detector]: Detected 1 face(s) with confidence >= 0.45
2026-09-20 13:30:45,434 [INFO] [face_recognition.detector]: Detected 1 face(s) with confidence >= 0.45
2026-09-20 13:30:45,932 [INFO] [face_recognition.detector]: Detected 1 face(s) with confidence >= 0.45
2026-09-20 13:30:47,555 [INFO] [face_recognition.detector]: Detected 1 face(s) with confidence >= 0.45
2026-09-20 13:30:48,331 [INFO] [face_recognition.detector]: Detected 1 face(s) with confidence >= 0.45
2026-09-20 13:30:50,807 [INFO] [face_recognition.detector]: Detected 1 face(s) with confidence >= 0.45
2026-09-20 13:30:50,869 [INFO] [face_recognition.person_service]: Enrolled person 'rohit' (Code: ro22, ID: 5) with 5 images and representative template.
2026-09-20 13:31:18,910 [INFO] [face_recognition.detector]: Detected 1 face(s) with confidence >= 0.50
2026-09-20 13:31:18,932 [INFO] [face_recognition.recognition_service]: Matching 1 detected face(s) against 5 enrolled template(s)...
2026-09-20 13:31:18,957 [INFO] [face_recognition.matcher]: Identity match: 'rohit' (ID: 5) with similarity score 0.6911 >= threshold 0.5000
2026-09-20 13:31:18,996 [INFO] [face_recognition.recognition_service]: Recognition completed in 324.63 ms. Status: KNOWN. Best similarity: 0.6911 (threshold: 0.5000)
2026-09-20 13:31:51,861 [INFO] [face_recognition.detector]: Detected 1 face(s) with confidence >= 0.50
2026-09-20 13:31:51,882 [INFO] [face_recognition.recognition_service]: Matching 1 detected face(s) against 5 enrolled template(s)...
2026-09-20 13:31:51,893 [INFO] [face_recognition.matcher]: Identity match: 'vk' (ID: 2) with similarity score 0.7748 >= threshold 0.5000
2026-09-20 13:31:51,922 [INFO] [face_recognition.recognition_service]: Recognition completed in 250.67 ms. Status: KNOWN. Best similarity: 0.7748 (threshold: 0.5000)
2026-09-20 13:58:36,236 [INFO] [face_recognition.detector]: Detected 1 face(s) with confidence >= 0.45
2026-09-20 13:58:37,439 [INFO] [face_recognition.detector]: Detected 1 face(s) with confidence >= 0.45
2026-09-20 13:58:39,745 [INFO] [face_recognition.detector]: Detected 1 face(s) with confidence >= 0.45
2026-09-20 14:03:19,584 [INFO] [face_recognition.person_service]: Deleted person ID: 1
2026-09-20 14:03:34,386 [INFO] [face_recognition.cleanup]: Retention cleanup daemon stopped.
2026-09-20 14:03:41,699 [INFO] [face_recognition.detector]: Initializing FaceDetector with model pack 'buffalo_sc' on CPU...
2026-09-20 14:03:45,692 [INFO] [face_recognition.detector]: FaceDetector successfully initialized.
2026-09-20 14:03:45,725 [INFO] [face_recognition.embedder]: FaceEmbedder successfully initialized with ArcFace ONNX model.
2026-09-20 14:03:45,783 [INFO] [face_recognition.engine]: FaceEngine pipeline fully initialized.
2026-09-20 14:04:01,484 [INFO] [face_recognition.cleanup]: Retention cleanup daemon started. Interval: 86400 seconds, Retention: 30 days.
2026-09-20 14:04:01,485 [INFO] [face_recognition.cleanup]: Retention cleanup daemon thread launched (id=12484).
2026-09-20 14:04:01,590 [INFO] [face_recognition.cleanup]: Retention cleanup: scanning 'C:\Users\Ritheesh k\Downloads\face_rec\Ritheesh\backend\data\thumbnails' for files older than 30 day(s).
2026-09-20 14:04:01,974 [INFO] [face_recognition.cleanup]: Retention cleanup: finished. Deleted 0 file(s).
2026-09-20 14:04:03,823 [INFO] [face_recognition.detector]: Detected 1 face(s) with confidence >= 0.45
2026-09-20 14:04:32,680 [INFO] [face_recognition.cleanup]: Retention cleanup daemon stopped.
2026-09-20 14:04:36,512 [INFO] [face_recognition.detector]: Initializing FaceDetector with model pack 'buffalo_sc' on CPU...
2026-09-20 14:04:36,658 [INFO] [face_recognition.detector]: FaceDetector successfully initialized.
2026-09-20 14:04:36,703 [INFO] [face_recognition.embedder]: FaceEmbedder successfully initialized with ArcFace ONNX model.
2026-09-20 14:04:36,750 [INFO] [face_recognition.engine]: FaceEngine pipeline fully initialized.
2026-09-20 14:04:37,418 [INFO] [face_recognition.cleanup]: Retention cleanup daemon started. Interval: 86400 seconds, Retention: 30 days.
2026-09-20 14:04:37,418 [INFO] [face_recognition.cleanup]: Retention cleanup: scanning 'C:\Users\Ritheesh k\Downloads\face_rec\Ritheesh\backend\data\thumbnails' for files older than 30 day(s).
2026-09-20 14:04:37,418 [INFO] [face_recognition.cleanup]: Retention cleanup daemon thread launched (id=17784).
2026-09-20 14:04:37,426 [INFO] [face_recognition.cleanup]: Retention cleanup: finished. Deleted 0 file(s).
2026-09-20 14:04:46,725 [INFO] [face_recognition.cleanup]: Retention cleanup daemon stopped.
2026-09-20 14:04:50,573 [INFO] [face_recognition.detector]: Initializing FaceDetector with model pack 'buffalo_sc' on CPU...
2026-09-20 14:04:50,732 [INFO] [face_recognition.detector]: FaceDetector successfully initialized.
2026-09-20 14:04:50,767 [INFO] [face_recognition.embedder]: FaceEmbedder successfully initialized with ArcFace ONNX model.
2026-09-20 14:04:50,827 [INFO] [face_recognition.engine]: FaceEngine pipeline fully initialized.
2026-09-20 14:04:51,573 [INFO] [face_recognition.cleanup]: Retention cleanup daemon started. Interval: 86400 seconds, Retention: 30 days.
2026-09-20 14:04:51,574 [INFO] [face_recognition.cleanup]: Retention cleanup daemon thread launched (id=10636).
2026-09-20 14:04:51,574 [INFO] [face_recognition.cleanup]: Retention cleanup: scanning 'C:\Users\Ritheesh k\Downloads\face_rec\Ritheesh\backend\data\thumbnails' for files older than 30 day(s).
2026-09-20 14:04:51,581 [INFO] [face_recognition.cleanup]: Retention cleanup: finished. Deleted 0 file(s).
2026-09-20 14:04:57,315 [INFO] [face_recognition.detector]: Initializing FaceDetector with model pack 'buffalo_sc' on CPU...
2026-09-20 14:04:57,477 [INFO] [face_recognition.detector]: FaceDetector successfully initialized.
2026-09-20 14:04:57,478 [INFO] [face_recognition.embedder]: FaceEmbedder successfully initialized with ArcFace ONNX model.
2026-09-20 14:04:57,478 [INFO] [face_recognition.engine]: FaceEngine pipeline fully initialized.
2026-09-20 14:05:06,852 [INFO] [face_recognition.detector]: Initializing FaceDetector with model pack 'buffalo_sc' on CPU...
2026-09-20 14:05:07,064 [INFO] [face_recognition.detector]: FaceDetector successfully initialized.
2026-09-20 14:05:07,065 [INFO] [face_recognition.embedder]: FaceEmbedder successfully initialized with ArcFace ONNX model.
2026-09-20 14:05:07,065 [INFO] [face_recognition.engine]: FaceEngine pipeline fully initialized.
2026-09-20 14:06:33,931 [INFO] [face_recognition.detector]: Detected 1 face(s) with confidence >= 0.45
2026-09-20 14:06:34,355 [INFO] [face_recognition.detector]: Detected 1 face(s) with confidence >= 0.45
2026-09-20 14:06:34,475 [INFO] [face_recognition.detector]: Detected 1 face(s) with confidence >= 0.45
2026-09-20 14:06:34,630 [INFO] [face_recognition.detector]: Detected 1 face(s) with confidence >= 0.45
2026-09-20 14:06:34,784 [INFO] [face_recognition.detector]: Detected 1 face(s) with confidence >= 0.45
2026-09-20 14:06:34,904 [INFO] [face_recognition.detector]: Detected 1 face(s) with confidence >= 0.45
2026-09-20 14:06:42,654 [INFO] [face_recognition.detector]: Detected 1 face(s) with confidence >= 0.45
2026-09-20 14:06:42,931 [INFO] [face_recognition.detector]: Detected 1 face(s) with confidence >= 0.45
2026-09-20 14:06:43,260 [INFO] [face_recognition.detector]: Detected 1 face(s) with confidence >= 0.45
2026-09-20 14:06:43,672 [INFO] [face_recognition.detector]: Detected 1 face(s) with confidence >= 0.45
2026-09-20 14:06:43,828 [INFO] [face_recognition.detector]: Detected 1 face(s) with confidence >= 0.45
2026-09-20 14:06:43,975 [INFO] [face_recognition.detector]: Detected 1 face(s) with confidence >= 0.45
2026-09-20 14:06:57,822 [INFO] [face_recognition.detector]: Detected 1 face(s) with confidence >= 0.45
2026-09-20 14:06:58,104 [INFO] [face_recognition.detector]: Detected 1 face(s) with confidence >= 0.45
2026-09-20 14:06:58,490 [INFO] [face_recognition.detector]: Detected 1 face(s) with confidence >= 0.45
2026-09-20 14:08:24,084 [INFO] [face_recognition.detector]: Detected 1 face(s) with confidence >= 0.45
2026-09-20 14:08:26,497 [INFO] [face_recognition.detector]: Detected 1 face(s) with confidence >= 0.45
2026-09-20 14:08:31,535 [INFO] [face_recognition.detector]: Detected 1 face(s) with confidence >= 0.45
2026-09-20 14:09:43,866 [INFO] [face_recognition.detector]: Detected 1 face(s) with confidence >= 0.45
2026-09-20 14:09:44,690 [INFO] [face_recognition.detector]: Detected 1 face(s) with confidence >= 0.45
2026-09-20 14:09:46,346 [INFO] [face_recognition.detector]: Detected 1 face(s) with confidence >= 0.45
2026-09-20 14:09:47,120 [INFO] [face_recognition.detector]: Detected 1 face(s) with confidence >= 0.45
2026-09-20 14:09:48,393 [INFO] [face_recognition.detector]: Detected 1 face(s) with confidence >= 0.45
2026-09-20 14:09:57,707 [INFO] [face_recognition.detector]: Detected 1 face(s) with confidence >= 0.45
2026-09-20 14:09:58,510 [INFO] [face_recognition.detector]: Detected 1 face(s) with confidence >= 0.45
2026-09-20 14:09:59,163 [INFO] [face_recognition.detector]: Detected 1 face(s) with confidence >= 0.45
2026-09-20 14:10:02,839 [INFO] [face_recognition.detector]: Detected 1 face(s) with confidence >= 0.45
2026-09-20 14:10:09,505 [INFO] [face_recognition.detector]: Detected 1 face(s) with confidence >= 0.45
2026-09-20 14:10:12,142 [INFO] [face_recognition.detector]: Detected 1 face(s) with confidence >= 0.45
2026-09-20 14:10:15,212 [INFO] [face_recognition.detector]: Detected 1 face(s) with confidence >= 0.45
2026-09-20 14:12:17,140 [INFO] [face_recognition.cleanup]: Retention cleanup daemon stopped.
2026-09-20 14:12:21,526 [INFO] [face_recognition.detector]: Initializing FaceDetector with model pack 'buffalo_sc' on CPU...
2026-09-20 14:12:21,676 [INFO] [face_recognition.detector]: FaceDetector successfully initialized.
2026-09-20 14:12:21,695 [INFO] [face_recognition.embedder]: FaceEmbedder successfully initialized with ArcFace ONNX model.
2026-09-20 14:12:21,746 [INFO] [face_recognition.engine]: FaceEngine pipeline fully initialized.
2026-09-20 14:12:22,407 [INFO] [face_recognition.cleanup]: Retention cleanup daemon started. Interval: 86400 seconds, Retention: 30 days.
2026-09-20 14:12:22,407 [INFO] [face_recognition.cleanup]: Retention cleanup daemon thread launched (id=21796).
2026-09-20 14:12:22,408 [INFO] [face_recognition.cleanup]: Retention cleanup: scanning 'C:\Users\Ritheesh k\Downloads\face_rec\Ritheesh\backend\data\thumbnails' for files older than 30 day(s).
2026-09-20 14:12:22,454 [INFO] [face_recognition.cleanup]: Retention cleanup: finished. Deleted 0 file(s).
2026-09-20 14:12:41,975 [INFO] [face_recognition.cleanup]: Retention cleanup daemon stopped.
2026-09-20 14:12:45,826 [INFO] [face_recognition.detector]: Initializing FaceDetector with model pack 'buffalo_sc' on CPU...
2026-09-20 14:12:45,981 [INFO] [face_recognition.detector]: FaceDetector successfully initialized.
2026-09-20 14:12:46,061 [INFO] [face_recognition.embedder]: FaceEmbedder successfully initialized with ArcFace ONNX model.
2026-09-20 14:12:46,126 [INFO] [face_recognition.engine]: FaceEngine pipeline fully initialized.
2026-09-20 14:12:46,825 [INFO] [face_recognition.cleanup]: Retention cleanup daemon started. Interval: 86400 seconds, Retention: 30 days.
2026-09-20 14:12:46,825 [INFO] [face_recognition.cleanup]: Retention cleanup: scanning 'C:\Users\Ritheesh k\Downloads\face_rec\Ritheesh\backend\data\thumbnails' for files older than 30 day(s).
2026-09-20 14:12:46,825 [INFO] [face_recognition.cleanup]: Retention cleanup daemon thread launched (id=9488).
2026-09-20 14:12:46,832 [INFO] [face_recognition.cleanup]: Retention cleanup: finished. Deleted 0 file(s).
2026-09-20 14:35:11,476 [INFO] [face_recognition.detector]: Detected 1 face(s) with confidence >= 0.50
2026-09-20 14:35:11,495 [INFO] [face_recognition.matcher]: Unknown person rejected: highest similarity score 0.0054 is below threshold 0.5000
2026-09-20 14:35:12,416 [INFO] [face_recognition.detector]: Detected 1 face(s) with confidence >= 0.50
2026-09-20 14:35:12,431 [INFO] [face_recognition.matcher]: Unknown person rejected: highest similarity score 0.0183 is below threshold 0.5000
2026-09-20 14:35:13,797 [INFO] [face_recognition.detector]: Detected 1 face(s) with confidence >= 0.50
2026-09-20 14:35:13,850 [INFO] [face_recognition.matcher]: Unknown person rejected: highest similarity score 0.0020 is below threshold 0.5000
2026-09-20 14:35:15,831 [INFO] [face_recognition.detector]: Detected 1 face(s) with confidence >= 0.50
2026-09-20 14:35:15,882 [INFO] [face_recognition.matcher]: Unknown person rejected: highest similarity score -0.0027 is below threshold 0.5000
2026-09-20 14:35:19,849 [INFO] [face_recognition.detector]: Detected 1 face(s) with confidence >= 0.50
2026-09-20 14:35:19,973 [INFO] [face_recognition.matcher]: Unknown person rejected: highest similarity score 0.1288 is below threshold 0.5000
2026-09-20 14:35:22,892 [INFO] [face_recognition.detector]: Detected 1 face(s) with confidence >= 0.50
2026-09-20 14:35:23,146 [INFO] [face_recognition.matcher]: Unknown person rejected: highest similarity score 0.1311 is below threshold 0.5000
2026-09-20 14:35:25,929 [INFO] [face_recognition.detector]: Detected 1 face(s) with confidence >= 0.50
2026-09-20 14:35:26,061 [INFO] [face_recognition.matcher]: Unknown person rejected: highest similarity score 0.1399 is below threshold 0.5000
2026-09-20 14:35:28,540 [INFO] [face_recognition.detector]: Detected 1 face(s) with confidence >= 0.50
2026-09-20 14:35:28,646 [INFO] [face_recognition.matcher]: Unknown person rejected: highest similarity score 0.1415 is below threshold 0.5000
2026-09-20 14:35:30,845 [INFO] [face_recognition.detector]: Detected 1 face(s) with confidence >= 0.50
2026-09-20 14:35:30,944 [INFO] [face_recognition.matcher]: Unknown person rejected: highest similarity score 0.1445 is below threshold 0.5000
2026-09-20 14:35:33,245 [INFO] [face_recognition.detector]: Detected 1 face(s) with confidence >= 0.50
2026-09-20 14:35:33,343 [INFO] [face_recognition.matcher]: Unknown person rejected: highest similarity score 0.0054 is below threshold 0.5000
2026-09-20 14:35:35,168 [INFO] [face_recognition.detector]: Detected 1 face(s) with confidence >= 0.50
2026-09-20 14:35:35,186 [INFO] [face_recognition.matcher]: Unknown person rejected: highest similarity score 0.0183 is below threshold 0.5000
2026-09-20 14:35:37,132 [INFO] [face_recognition.detector]: Detected 1 face(s) with confidence >= 0.50
2026-09-20 14:35:37,175 [INFO] [face_recognition.matcher]: Unknown person rejected: highest similarity score 0.0020 is below threshold 0.5000
2026-09-20 14:35:38,885 [INFO] [face_recognition.detector]: Detected 1 face(s) with confidence >= 0.50
2026-09-20 14:35:38,939 [INFO] [face_recognition.matcher]: Unknown person rejected: highest similarity score -0.0027 is below threshold 0.5000
2026-09-20 14:35:41,261 [INFO] [face_recognition.detector]: Detected 1 face(s) with confidence >= 0.50
2026-09-20 14:35:41,275 [INFO] [face_recognition.matcher]: Unknown person rejected: highest similarity score 0.1288 is below threshold 0.5000
2026-09-20 14:35:43,131 [INFO] [face_recognition.detector]: Detected 1 face(s) with confidence >= 0.50
2026-09-20 14:35:43,193 [INFO] [face_recognition.matcher]: Unknown person rejected: highest similarity score 0.1311 is below threshold 0.5000
2026-09-20 14:35:45,561 [INFO] [face_recognition.detector]: Detected 1 face(s) with confidence >= 0.50
2026-09-20 14:35:45,600 [INFO] [face_recognition.matcher]: Unknown person rejected: highest similarity score 0.1399 is below threshold 0.5000
2026-09-20 14:35:47,381 [INFO] [face_recognition.detector]: Detected 1 face(s) with confidence >= 0.50
2026-09-20 14:35:47,493 [INFO] [face_recognition.matcher]: Unknown person rejected: highest similarity score 0.1415 is below threshold 0.5000
2026-09-20 14:35:50,761 [INFO] [face_recognition.detector]: Detected 1 face(s) with confidence >= 0.50
2026-09-20 14:35:50,803 [INFO] [face_recognition.matcher]: Unknown person rejected: highest similarity score 0.1445 is below threshold 0.5000
2026-09-20 14:37:54,767 [INFO] [face_recognition.detector]: Detected 0 face(s) with confidence >= 0.45
2026-09-20 14:38:16,608 [INFO] [face_recognition.detector]: Detected 0 face(s) with confidence >= 0.45
2026-09-20 14:38:26,487 [INFO] [face_recognition.detector]: Detected 0 face(s) with confidence >= 0.45
2026-09-20 14:47:13,763 [INFO] [face_recognition.cleanup]: Retention cleanup daemon stopped.
2026-09-20 14:47:17,917 [INFO] [face_recognition.detector]: Initializing FaceDetector with model pack 'buffalo_sc' on CPU...
2026-09-20 14:47:18,107 [INFO] [face_recognition.detector]: FaceDetector successfully initialized.
2026-09-20 14:47:18,170 [INFO] [face_recognition.embedder]: FaceEmbedder successfully initialized with ArcFace ONNX model.
2026-09-20 14:47:18,246 [INFO] [face_recognition.engine]: FaceEngine pipeline fully initialized.
2026-09-20 14:47:18,881 [INFO] [face_recognition.cleanup]: Retention cleanup daemon started. Interval: 86400 seconds, Retention: 30 days.
2026-09-20 14:47:18,881 [INFO] [face_recognition.cleanup]: Retention cleanup: scanning 'C:\Users\Ritheesh k\Downloads\face_rec\Ritheesh\backend\data\thumbnails' for files older than 30 day(s).
2026-09-20 14:47:18,881 [INFO] [face_recognition.cleanup]: Retention cleanup daemon thread launched (id=23108).
2026-09-20 14:47:18,925 [INFO] [face_recognition.cleanup]: Retention cleanup: finished. Deleted 0 file(s).
2026-09-20 15:00:35,873 [INFO] [face_recognition.detector]: Detected 1 face(s) with confidence >= 0.50
2026-09-20 15:00:35,950 [INFO] [face_recognition.recognition_service]: Matching 1 detected face(s) against 4 enrolled template(s)...
2026-09-20 15:00:36,025 [INFO] [face_recognition.matcher]: Identity match: 'Ritheesh' (ID: 5) with similarity score 0.8716 >= threshold 0.5000
2026-09-20 15:00:36,114 [INFO] [face_recognition.recognition_service]: Recognition completed in 532.24 ms. Status: KNOWN. Best similarity: 0.8716 (threshold: 0.5000)
2026-09-20 15:03:04,761 [INFO] [face_recognition.detector]: Detected 1 face(s) with confidence >= 0.50
2026-09-20 15:03:04,773 [INFO] [face_recognition.recognition_service]: Matching 1 detected face(s) against 4 enrolled template(s)...
2026-09-20 15:03:04,786 [INFO] [face_recognition.matcher]: Identity match: 'Ritheesh' (ID: 5) with similarity score 0.8716 >= threshold 0.5000
2026-09-20 15:03:04,819 [INFO] [face_recognition.recognition_service]: Recognition completed in 274.94 ms. Status: KNOWN. Best similarity: 0.8716 (threshold: 0.5000)
2026-09-20 15:03:07,572 [INFO] [face_recognition.detector]: Detected 1 face(s) with confidence >= 0.50
2026-09-20 15:03:07,594 [INFO] [face_recognition.recognition_service]: Matching 1 detected face(s) against 4 enrolled template(s)...
2026-09-20 15:03:07,625 [INFO] [face_recognition.matcher]: Identity match: 'Ritheesh' (ID: 5) with similarity score 0.8716 >= threshold 0.5000
2026-09-20 15:03:07,652 [INFO] [face_recognition.recognition_service]: Recognition completed in 1349.06 ms. Status: KNOWN. Best similarity: 0.8716 (threshold: 0.5000)
2026-09-20 15:03:10,944 [INFO] [face_recognition.detector]: Detected 1 face(s) with confidence >= 0.50
2026-09-20 15:03:11,075 [INFO] [face_recognition.recognition_service]: Matching 1 detected face(s) against 4 enrolled template(s)...
2026-09-20 15:03:11,188 [INFO] [face_recognition.matcher]: Identity match: 'Ritheesh' (ID: 5) with similarity score 0.8716 >= threshold 0.5000
2026-09-20 15:03:11,371 [INFO] [face_recognition.recognition_service]: Recognition completed in 2724.57 ms. Status: KNOWN. Best similarity: 0.8716 (threshold: 0.5000)
2026-09-20 15:07:26,517 [INFO] [face_recognition.detector]: Detected 1 face(s) with confidence >= 0.50
2026-09-20 15:07:26,682 [INFO] [face_recognition.matcher]: Unknown person rejected: highest similarity score 0.0054 is below threshold 0.5000
2026-09-20 15:07:31,681 [INFO] [face_recognition.detector]: Detected 1 face(s) with confidence >= 0.50
2026-09-20 15:07:31,708 [INFO] [face_recognition.matcher]: Unknown person rejected: highest similarity score 0.0183 is below threshold 0.5000
2026-09-20 15:07:35,734 [INFO] [face_recognition.detector]: Detected 1 face(s) with confidence >= 0.50
2026-09-20 15:07:35,882 [INFO] [face_recognition.matcher]: Unknown person rejected: highest similarity score 0.0020 is below threshold 0.5000
2026-09-20 15:07:38,792 [INFO] [face_recognition.detector]: Detected 1 face(s) with confidence >= 0.50
2026-09-20 15:07:39,063 [INFO] [face_recognition.matcher]: Unknown person rejected: highest similarity score -0.0027 is below threshold 0.5000
2026-09-20 15:07:41,327 [INFO] [face_recognition.detector]: Detected 1 face(s) with confidence >= 0.50
2026-09-20 15:07:41,453 [INFO] [face_recognition.matcher]: Unknown person rejected: highest similarity score 0.1288 is below threshold 0.5000
2026-09-20 15:07:42,160 [INFO] [face_recognition.detector]: Detected 1 face(s) with confidence >= 0.50
2026-09-20 15:07:42,205 [INFO] [face_recognition.matcher]: Unknown person rejected: highest similarity score 0.0054 is below threshold 0.5000
2026-09-20 15:07:43,632 [INFO] [face_recognition.detector]: Detected 1 face(s) with confidence >= 0.50
2026-09-20 15:07:43,714 [INFO] [face_recognition.matcher]: Unknown person rejected: highest similarity score 0.1311 is below threshold 0.5000
2026-09-20 15:07:44,263 [INFO] [face_recognition.detector]: Detected 1 face(s) with confidence >= 0.50
2026-09-20 15:07:44,312 [INFO] [face_recognition.matcher]: Unknown person rejected: highest similarity score 0.0183 is below threshold 0.5000
2026-09-20 15:07:46,433 [INFO] [face_recognition.detector]: Detected 1 face(s) with confidence >= 0.50
2026-09-20 15:07:46,457 [INFO] [face_recognition.matcher]: Unknown person rejected: highest similarity score 0.1399 is below threshold 0.5000
2026-09-20 15:07:46,865 [INFO] [face_recognition.detector]: Detected 1 face(s) with confidence >= 0.50
2026-09-20 15:07:46,902 [INFO] [face_recognition.matcher]: Unknown person rejected: highest similarity score 0.0020 is below threshold 0.5000
2026-09-20 15:07:49,091 [INFO] [face_recognition.detector]: Detected 1 face(s) with confidence >= 0.50
2026-09-20 15:07:49,115 [INFO] [face_recognition.matcher]: Unknown person rejected: highest similarity score 0.1415 is below threshold 0.5000
2026-09-20 15:07:49,396 [INFO] [face_recognition.detector]: Detected 1 face(s) with confidence >= 0.50
2026-09-20 15:07:49,424 [INFO] [face_recognition.matcher]: Unknown person rejected: highest similarity score -0.0027 is below threshold 0.5000
2026-09-20 15:07:51,193 [INFO] [face_recognition.detector]: Detected 1 face(s) with confidence >= 0.50
2026-09-20 15:07:51,209 [INFO] [face_recognition.matcher]: Unknown person rejected: highest similarity score 0.1445 is below threshold 0.5000
2026-09-20 15:07:51,819 [INFO] [face_recognition.detector]: Detected 1 face(s) with confidence >= 0.50
2026-09-20 15:07:51,847 [INFO] [face_recognition.matcher]: Unknown person rejected: highest similarity score 0.1288 is below threshold 0.5000
2026-09-20 15:07:53,794 [INFO] [face_recognition.detector]: Detected 1 face(s) with confidence >= 0.50
2026-09-20 15:07:53,948 [INFO] [face_recognition.matcher]: Unknown person rejected: highest similarity score 0.1311 is below threshold 0.5000
2026-09-20 15:07:55,974 [INFO] [face_recognition.detector]: Detected 1 face(s) with confidence >= 0.50
2026-09-20 15:07:55,992 [INFO] [face_recognition.matcher]: Unknown person rejected: highest similarity score 0.1399 is below threshold 0.5000
2026-09-20 15:07:59,128 [INFO] [face_recognition.detector]: Detected 1 face(s) with confidence >= 0.50
2026-09-20 15:07:59,225 [INFO] [face_recognition.matcher]: Unknown person rejected: highest similarity score 0.1415 is below threshold 0.5000
2026-09-20 15:08:01,880 [INFO] [face_recognition.detector]: Detected 1 face(s) with confidence >= 0.50
2026-09-20 15:08:01,904 [INFO] [face_recognition.matcher]: Unknown person rejected: highest similarity score 0.1445 is below threshold 0.5000
2026-09-20 15:08:35,907 [INFO] [face_recognition.detector]: Detected 1 face(s) with confidence >= 0.50
2026-09-20 15:08:35,920 [INFO] [face_recognition.matcher]: Unknown person rejected: highest similarity score 0.0054 is below threshold 0.5000
2026-09-20 15:08:36,297 [INFO] [face_recognition.detector]: Detected 1 face(s) with confidence >= 0.50
2026-09-20 15:08:36,323 [INFO] [face_recognition.matcher]: Unknown person rejected: highest similarity score 0.0183 is below threshold 0.5000
2026-09-20 15:08:37,358 [INFO] [face_recognition.detector]: Detected 1 face(s) with confidence >= 0.50
2026-09-20 15:08:37,394 [INFO] [face_recognition.matcher]: Unknown person rejected: highest similarity score 0.0020 is below threshold 0.5000
2026-09-20 15:08:38,673 [INFO] [face_recognition.detector]: Detected 1 face(s) with confidence >= 0.50
2026-09-20 15:08:38,719 [INFO] [face_recognition.matcher]: Unknown person rejected: highest similarity score -0.0027 is below threshold 0.5000
2026-09-20 15:08:40,803 [INFO] [face_recognition.detector]: Detected 1 face(s) with confidence >= 0.50
2026-09-20 15:08:40,953 [INFO] [face_recognition.matcher]: Unknown person rejected: highest similarity score 0.1288 is below threshold 0.5000
2026-09-20 15:08:43,322 [INFO] [face_recognition.detector]: Detected 1 face(s) with confidence >= 0.50
2026-09-20 15:08:43,337 [INFO] [face_recognition.matcher]: Unknown person rejected: highest similarity score 0.1311 is below threshold 0.5000
2026-09-20 15:08:45,788 [INFO] [face_recognition.detector]: Detected 1 face(s) with confidence >= 0.50
2026-09-20 15:08:45,828 [INFO] [face_recognition.matcher]: Unknown person rejected: highest similarity score 0.1399 is below threshold 0.5000
2026-09-20 15:08:47,663 [INFO] [face_recognition.detector]: Detected 1 face(s) with confidence >= 0.50
2026-09-20 15:08:47,685 [INFO] [face_recognition.matcher]: Unknown person rejected: highest similarity score 0.1415 is below threshold 0.5000
2026-09-20 15:08:50,532 [INFO] [face_recognition.detector]: Detected 1 face(s) with confidence >= 0.50
2026-09-20 15:08:50,638 [INFO] [face_recognition.matcher]: Unknown person rejected: highest similarity score 0.1445 is below threshold 0.5000
2026-09-20 15:08:55,871 [INFO] [face_recognition.detector]: Detected 1 face(s) with confidence >= 0.50
2026-09-20 15:08:55,888 [INFO] [face_recognition.matcher]: Unknown person rejected: highest similarity score 0.0054 is below threshold 0.4000
2026-09-20 15:08:56,659 [INFO] [face_recognition.detector]: Detected 1 face(s) with confidence >= 0.50
2026-09-20 15:08:56,675 [INFO] [face_recognition.matcher]: Unknown person rejected: highest similarity score 0.0183 is below threshold 0.4000
2026-09-20 15:08:57,645 [INFO] [face_recognition.detector]: Detected 1 face(s) with confidence >= 0.50
2026-09-20 15:08:57,669 [INFO] [face_recognition.matcher]: Unknown person rejected: highest similarity score 0.0020 is below threshold 0.4000
2026-09-20 15:08:59,299 [INFO] [face_recognition.detector]: Detected 1 face(s) with confidence >= 0.50
2026-09-20 15:08:59,368 [INFO] [face_recognition.matcher]: Unknown person rejected: highest similarity score -0.0027 is below threshold 0.4000
2026-09-20 15:09:01,915 [INFO] [face_recognition.detector]: Detected 1 face(s) with confidence >= 0.50
2026-09-20 15:09:02,047 [INFO] [face_recognition.matcher]: Unknown person rejected: highest similarity score 0.1288 is below threshold 0.4000
2026-09-20 15:09:05,242 [INFO] [face_recognition.detector]: Detected 1 face(s) with confidence >= 0.50
2026-09-20 15:09:05,317 [INFO] [face_recognition.matcher]: Unknown person rejected: highest similarity score 0.1311 is below threshold 0.4000
2026-09-20 15:09:07,965 [INFO] [face_recognition.detector]: Detected 1 face(s) with confidence >= 0.50
2026-09-20 15:09:07,983 [INFO] [face_recognition.matcher]: Unknown person rejected: highest similarity score 0.1399 is below threshold 0.4000
2026-09-20 15:09:10,793 [INFO] [face_recognition.detector]: Detected 1 face(s) with confidence >= 0.50
2026-09-20 15:09:10,864 [INFO] [face_recognition.matcher]: Unknown person rejected: highest similarity score 0.1415 is below threshold 0.4000
2026-09-20 15:09:13,259 [INFO] [face_recognition.detector]: Detected 1 face(s) with confidence >= 0.50
2026-09-20 15:09:13,414 [INFO] [face_recognition.matcher]: Unknown person rejected: highest similarity score 0.1445 is below threshold 0.4000
2026-09-20 15:09:19,262 [INFO] [face_recognition.detector]: Detected 1 face(s) with confidence >= 0.50
2026-09-20 15:09:19,276 [INFO] [face_recognition.matcher]: Unknown person rejected: highest similarity score 0.0054 is below threshold 0.4500
2026-09-20 15:09:21,658 [INFO] [face_recognition.detector]: Detected 1 face(s) with confidence >= 0.50
2026-09-20 15:09:21,820 [INFO] [face_recognition.matcher]: Unknown person rejected: highest similarity score 0.0183 is below threshold 0.4500
2026-09-20 15:09:24,870 [INFO] [face_recognition.detector]: Detected 1 face(s) with confidence >= 0.50
2026-09-20 15:09:24,982 [INFO] [face_recognition.matcher]: Unknown person rejected: highest similarity score 0.0020 is below threshold 0.4500
2026-09-20 15:09:27,595 [INFO] [face_recognition.detector]: Detected 1 face(s) with confidence >= 0.50
2026-09-20 15:09:27,664 [INFO] [face_recognition.matcher]: Unknown person rejected: highest similarity score -0.0027 is below threshold 0.4500
2026-09-20 15:09:30,295 [INFO] [face_recognition.detector]: Detected 1 face(s) with confidence >= 0.50
2026-09-20 15:09:30,313 [INFO] [face_recognition.matcher]: Unknown person rejected: highest similarity score 0.1288 is below threshold 0.4500
2026-09-20 15:09:33,835 [INFO] [face_recognition.detector]: Detected 1 face(s) with confidence >= 0.50
2026-09-20 15:09:34,070 [INFO] [face_recognition.matcher]: Unknown person rejected: highest similarity score 0.1311 is below threshold 0.4500
2026-09-20 15:09:34,303 [INFO] [face_recognition.detector]: Detected 1 face(s) with confidence >= 0.50
2026-09-20 15:09:34,308 [INFO] [face_recognition.matcher]: Unknown person rejected: highest similarity score 0.1399 is below threshold 0.4500
2026-09-20 15:09:34,466 [INFO] [face_recognition.detector]: Detected 1 face(s) with confidence >= 0.50
2026-09-20 15:09:34,487 [INFO] [face_recognition.matcher]: Unknown person rejected: highest similarity score 0.1415 is below threshold 0.4500
2026-09-20 15:09:34,595 [INFO] [face_recognition.detector]: Detected 1 face(s) with confidence >= 0.50
2026-09-20 15:09:34,625 [INFO] [face_recognition.matcher]: Unknown person rejected: highest similarity score 0.1445 is below threshold 0.4500
2026-09-20 15:09:34,894 [INFO] [face_recognition.detector]: Detected 1 face(s) with confidence >= 0.50
2026-09-20 15:09:34,923 [INFO] [face_recognition.matcher]: Unknown person rejected: highest similarity score 0.0054 is below threshold 0.5000
2026-09-20 15:09:35,076 [INFO] [face_recognition.detector]: Detected 1 face(s) with confidence >= 0.50
2026-09-20 15:09:35,098 [INFO] [face_recognition.matcher]: Unknown person rejected: highest similarity score 0.0183 is below threshold 0.5000
2026-09-20 15:09:35,244 [INFO] [face_recognition.detector]: Detected 1 face(s) with confidence >= 0.50
2026-09-20 15:09:35,277 [INFO] [face_recognition.matcher]: Unknown person rejected: highest similarity score 0.0020 is below threshold 0.5000
2026-09-20 15:09:35,425 [INFO] [face_recognition.detector]: Detected 1 face(s) with confidence >= 0.50
2026-09-20 15:09:35,445 [INFO] [face_recognition.matcher]: Unknown person rejected: highest similarity score -0.0027 is below threshold 0.5000
2026-09-20 15:09:35,578 [INFO] [face_recognition.detector]: Detected 1 face(s) with confidence >= 0.50
2026-09-20 15:09:35,613 [INFO] [face_recognition.matcher]: Unknown person rejected: highest similarity score 0.1288 is below threshold 0.5000
2026-09-20 15:09:35,747 [INFO] [face_recognition.detector]: Detected 1 face(s) with confidence >= 0.50
2026-09-20 15:09:35,779 [INFO] [face_recognition.matcher]: Unknown person rejected: highest similarity score 0.1311 is below threshold 0.5000
2026-09-20 15:09:35,893 [INFO] [face_recognition.detector]: Detected 1 face(s) with confidence >= 0.50
2026-09-20 15:09:35,926 [INFO] [face_recognition.matcher]: Unknown person rejected: highest similarity score 0.1399 is below threshold 0.5000
2026-09-20 15:09:36,069 [INFO] [face_recognition.detector]: Detected 1 face(s) with confidence >= 0.50
2026-09-20 15:09:36,097 [INFO] [face_recognition.matcher]: Unknown person rejected: highest similarity score 0.1415 is below threshold 0.5000
2026-09-20 15:09:36,220 [INFO] [face_recognition.detector]: Detected 1 face(s) with confidence >= 0.50
2026-09-20 15:09:36,244 [INFO] [face_recognition.matcher]: Unknown person rejected: highest similarity score 0.1445 is below threshold 0.5000
2026-09-20 15:09:36,498 [INFO] [face_recognition.detector]: Detected 1 face(s) with confidence >= 0.50
2026-09-20 15:09:36,517 [INFO] [face_recognition.matcher]: Unknown person rejected: highest similarity score 0.0054 is below threshold 0.5000
2026-09-20 15:09:36,613 [INFO] [face_recognition.detector]: Detected 1 face(s) with confidence >= 0.50
2026-09-20 15:09:36,647 [INFO] [face_recognition.matcher]: Unknown person rejected: highest similarity score 0.0183 is below threshold 0.5000
2026-09-20 15:09:36,783 [INFO] [face_recognition.detector]: Detected 1 face(s) with confidence >= 0.50
2026-09-20 15:09:36,818 [INFO] [face_recognition.matcher]: Unknown person rejected: highest similarity score 0.0020 is below threshold 0.5000
2026-09-20 15:09:36,934 [INFO] [face_recognition.detector]: Detected 1 face(s) with confidence >= 0.50
2026-09-20 15:09:36,963 [INFO] [face_recognition.matcher]: Unknown person rejected: highest similarity score -0.0027 is below threshold 0.5000
2026-09-20 15:09:37,101 [INFO] [face_recognition.detector]: Detected 1 face(s) with confidence >= 0.50
2026-09-20 15:09:37,123 [INFO] [face_recognition.matcher]: Unknown person rejected: highest similarity score 0.1288 is below threshold 0.5000
2026-09-20 15:09:37,237 [INFO] [face_recognition.detector]: Detected 1 face(s) with confidence >= 0.50
2026-09-20 15:09:37,253 [INFO] [face_recognition.matcher]: Unknown person rejected: highest similarity score 0.1311 is below threshold 0.5000
2026-09-20 15:09:37,396 [INFO] [face_recognition.detector]: Detected 1 face(s) with confidence >= 0.50
2026-09-20 15:09:37,430 [INFO] [face_recognition.matcher]: Unknown person rejected: highest similarity score 0.1399 is below threshold 0.5000
2026-09-20 15:09:37,551 [INFO] [face_recognition.detector]: Detected 1 face(s) with confidence >= 0.50
2026-09-20 15:09:37,575 [INFO] [face_recognition.matcher]: Unknown person rejected: highest similarity score 0.1415 is below threshold 0.5000
2026-09-20 15:09:37,687 [INFO] [face_recognition.detector]: Detected 1 face(s) with confidence >= 0.50
2026-09-20 15:09:37,707 [INFO] [face_recognition.matcher]: Unknown person rejected: highest similarity score 0.1445 is below threshold 0.5000
2026-09-20 15:09:37,936 [INFO] [face_recognition.detector]: Detected 1 face(s) with confidence >= 0.50
2026-09-20 15:09:37,959 [INFO] [face_recognition.matcher]: Unknown person rejected: highest similarity score 0.0054 is below threshold 0.5000
2026-09-20 15:09:38,143 [INFO] [face_recognition.detector]: Detected 1 face(s) with confidence >= 0.50
2026-09-20 15:09:38,178 [INFO] [face_recognition.matcher]: Unknown person rejected: highest similarity score 0.0183 is below threshold 0.5000
2026-09-20 15:09:40,566 [INFO] [face_recognition.detector]: Detected 1 face(s) with confidence >= 0.50
2026-09-20 15:09:40,582 [INFO] [face_recognition.matcher]: Unknown person rejected: highest similarity score 0.0020 is below threshold 0.5000
2026-09-20 15:09:44,176 [INFO] [face_recognition.detector]: Detected 1 face(s) with confidence >= 0.50
2026-09-20 15:09:44,346 [INFO] [face_recognition.matcher]: Unknown person rejected: highest similarity score -0.0027 is below threshold 0.5000
2026-09-20 15:09:47,826 [INFO] [face_recognition.detector]: Detected 1 face(s) with confidence >= 0.50
2026-09-20 15:09:48,141 [INFO] [face_recognition.matcher]: Unknown person rejected: highest similarity score 0.0054 is below threshold 0.5000
2026-09-20 15:09:48,265 [INFO] [face_recognition.detector]: Detected 1 face(s) with confidence >= 0.50
2026-09-20 15:09:48,309 [INFO] [face_recognition.matcher]: Unknown person rejected: highest similarity score 0.0054 is below threshold 0.5000
2026-09-20 15:09:48,329 [INFO] [face_recognition.detector]: Detected 1 face(s) with confidence >= 0.50
2026-09-20 15:09:48,390 [INFO] [face_recognition.detector]: Detected 1 face(s) with confidence >= 0.50
2026-09-20 15:09:48,424 [INFO] [face_recognition.matcher]: Unknown person rejected: highest similarity score 0.0054 is below threshold 0.5000
2026-09-20 15:09:48,455 [INFO] [face_recognition.matcher]: Unknown person rejected: highest similarity score 0.1288 is below threshold 0.5000
2026-09-20 15:09:50,934 [INFO] [face_recognition.detector]: Detected 1 face(s) with confidence >= 0.50
2026-09-20 15:09:50,989 [INFO] [face_recognition.matcher]: Unknown person rejected: highest similarity score 0.0183 is below threshold 0.5000
2026-09-20 15:09:51,009 [INFO] [face_recognition.detector]: Detected 1 face(s) with confidence >= 0.50
2026-09-20 15:09:51,187 [INFO] [face_recognition.matcher]: Unknown person rejected: highest similarity score 0.0183 is below threshold 0.5000
2026-09-20 15:09:51,691 [INFO] [face_recognition.detector]: Detected 1 face(s) with confidence >= 0.50
2026-09-20 15:09:51,809 [INFO] [face_recognition.matcher]: Unknown person rejected: highest similarity score 0.0183 is below threshold 0.5000
2026-09-20 15:09:51,918 [INFO] [face_recognition.detector]: Detected 1 face(s) with confidence >= 0.50
2026-09-20 15:09:52,160 [INFO] [face_recognition.matcher]: Unknown person rejected: highest similarity score 0.1311 is below threshold 0.5000
2026-09-20 15:09:54,032 [INFO] [face_recognition.detector]: Detected 1 face(s) with confidence >= 0.50
2026-09-20 15:09:54,077 [INFO] [face_recognition.matcher]: Unknown person rejected: highest similarity score 0.0054 is below threshold 0.5000
2026-09-20 15:09:54,541 [INFO] [face_recognition.detector]: Detected 1 face(s) with confidence >= 0.50
2026-09-20 15:09:54,668 [INFO] [face_recognition.matcher]: Unknown person rejected: highest similarity score 0.0020 is below threshold 0.5000
2026-09-20 15:09:55,106 [INFO] [face_recognition.detector]: Detected 1 face(s) with confidence >= 0.50
2026-09-20 15:09:55,219 [INFO] [face_recognition.matcher]: Unknown person rejected: highest similarity score 0.0020 is below threshold 0.5000
2026-09-20 15:09:55,506 [INFO] [face_recognition.detector]: Detected 1 face(s) with confidence >= 0.50
2026-09-20 15:09:55,620 [INFO] [face_recognition.matcher]: Unknown person rejected: highest similarity score 0.0020 is below threshold 0.5000
2026-09-20 15:09:56,022 [INFO] [face_recognition.detector]: Detected 1 face(s) with confidence >= 0.50
2026-09-20 15:09:56,044 [INFO] [face_recognition.matcher]: Unknown person rejected: highest similarity score 0.1399 is below threshold 0.5000
2026-09-20 15:09:57,755 [INFO] [face_recognition.detector]: Detected 1 face(s) with confidence >= 0.50
2026-09-20 15:09:57,860 [INFO] [face_recognition.matcher]: Unknown person rejected: highest similarity score 0.0183 is below threshold 0.5000
2026-09-20 15:09:58,475 [INFO] [face_recognition.detector]: Detected 1 face(s) with confidence >= 0.50
2026-09-20 15:09:58,489 [INFO] [face_recognition.matcher]: Unknown person rejected: highest similarity score -0.0027 is below threshold 0.5000
2026-09-20 15:09:58,840 [INFO] [face_recognition.detector]: Detected 1 face(s) with confidence >= 0.50
2026-09-20 15:09:58,860 [INFO] [face_recognition.matcher]: Unknown person rejected: highest similarity score -0.0027 is below threshold 0.5000
2026-09-20 15:09:59,375 [INFO] [face_recognition.detector]: Detected 1 face(s) with confidence >= 0.50
2026-09-20 15:09:59,526 [INFO] [face_recognition.matcher]: Unknown person rejected: highest similarity score -0.0027 is below threshold 0.5000
2026-09-20 15:09:59,683 [INFO] [face_recognition.detector]: Detected 1 face(s) with confidence >= 0.50
2026-09-20 15:09:59,817 [INFO] [face_recognition.matcher]: Unknown person rejected: highest similarity score 0.1415 is below threshold 0.5000
2026-09-20 15:10:01,488 [INFO] [face_recognition.detector]: Detected 1 face(s) with confidence >= 0.50
2026-09-20 15:10:01,726 [INFO] [face_recognition.matcher]: Unknown person rejected: highest similarity score 0.0020 is below threshold 0.5000
2026-09-20 15:10:02,348 [INFO] [face_recognition.detector]: Detected 1 face(s) with confidence >= 0.50
2026-09-20 15:10:02,517 [INFO] [face_recognition.matcher]: Unknown person rejected: highest similarity score 0.1288 is below threshold 0.5000
2026-09-20 15:10:02,519 [INFO] [face_recognition.detector]: Detected 1 face(s) with confidence >= 0.50
2026-09-20 15:10:02,650 [INFO] [face_recognition.matcher]: Unknown person rejected: highest similarity score 0.1288 is below threshold 0.5000
2026-09-20 15:10:03,763 [INFO] [face_recognition.detector]: Detected 1 face(s) with confidence >= 0.50
2026-09-20 15:10:03,867 [INFO] [face_recognition.matcher]: Unknown person rejected: highest similarity score 0.1288 is below threshold 0.5000
2026-09-20 15:10:03,882 [INFO] [face_recognition.detector]: Detected 1 face(s) with confidence >= 0.50
2026-09-20 15:10:03,912 [INFO] [face_recognition.matcher]: Unknown person rejected: highest similarity score 0.1445 is below threshold 0.5000
2026-09-20 15:10:05,521 [INFO] [face_recognition.detector]: Detected 1 face(s) with confidence >= 0.50
2026-09-20 15:10:05,539 [INFO] [face_recognition.matcher]: Unknown person rejected: highest similarity score -0.0027 is below threshold 0.5000
2026-09-20 15:10:05,934 [INFO] [face_recognition.detector]: Detected 1 face(s) with confidence >= 0.50
2026-09-20 15:10:06,075 [INFO] [face_recognition.matcher]: Unknown person rejected: highest similarity score 0.1311 is below threshold 0.5000
2026-09-20 15:10:06,585 [INFO] [face_recognition.detector]: Detected 1 face(s) with confidence >= 0.50
2026-09-20 15:10:06,704 [INFO] [face_recognition.matcher]: Unknown person rejected: highest similarity score 0.1311 is below threshold 0.5000
2026-09-20 15:10:07,324 [INFO] [face_recognition.detector]: Detected 1 face(s) with confidence >= 0.50
2026-09-20 15:10:07,563 [INFO] [face_recognition.matcher]: Unknown person rejected: highest similarity score 0.1311 is below threshold 0.5000
2026-09-20 15:10:09,019 [INFO] [face_recognition.detector]: Detected 1 face(s) with confidence >= 0.50
2026-09-20 15:10:09,073 [INFO] [face_recognition.matcher]: Unknown person rejected: highest similarity score 0.1399 is below threshold 0.5000
2026-09-20 15:10:09,168 [INFO] [face_recognition.detector]: Detected 1 face(s) with confidence >= 0.50
2026-09-20 15:10:09,203 [INFO] [face_recognition.matcher]: Unknown person rejected: highest similarity score 0.1288 is below threshold 0.5000
2026-09-20 15:10:09,215 [INFO] [face_recognition.detector]: Detected 1 face(s) with confidence >= 0.50
2026-09-20 15:10:09,225 [INFO] [face_recognition.matcher]: Unknown person rejected: highest similarity score 0.1399 is below threshold 0.5000
2026-09-20 15:10:09,330 [INFO] [face_recognition.detector]: Detected 1 face(s) with confidence >= 0.50
2026-09-20 15:10:09,356 [INFO] [face_recognition.matcher]: Unknown person rejected: highest similarity score 0.1399 is below threshold 0.5000
2026-09-20 15:10:10,173 [INFO] [face_recognition.detector]: Detected 1 face(s) with confidence >= 0.50
2026-09-20 15:10:10,186 [INFO] [face_recognition.matcher]: Unknown person rejected: highest similarity score 0.1415 is below threshold 0.5000
2026-09-20 15:10:10,289 [INFO] [face_recognition.detector]: Detected 1 face(s) with confidence >= 0.50
2026-09-20 15:10:10,305 [INFO] [face_recognition.detector]: Detected 1 face(s) with confidence >= 0.50
2026-09-20 15:10:10,413 [INFO] [face_recognition.matcher]: Unknown person rejected: highest similarity score 0.1311 is below threshold 0.5000
2026-09-20 15:10:10,413 [INFO] [face_recognition.matcher]: Unknown person rejected: highest similarity score 0.1415 is below threshold 0.5000
2026-09-20 15:10:10,808 [INFO] [face_recognition.detector]: Detected 1 face(s) with confidence >= 0.50
2026-09-20 15:10:10,912 [INFO] [face_recognition.matcher]: Unknown person rejected: highest similarity score 0.1415 is below threshold 0.5000
2026-09-20 15:10:11,485 [INFO] [face_recognition.detector]: Detected 1 face(s) with confidence >= 0.50
2026-09-20 15:10:11,534 [INFO] [face_recognition.matcher]: Unknown person rejected: highest similarity score 0.0054 is below threshold 0.5000
2026-09-20 15:10:11,769 [INFO] [face_recognition.detector]: Detected 1 face(s) with confidence >= 0.50
2026-09-20 15:10:11,947 [INFO] [face_recognition.matcher]: Unknown person rejected: highest similarity score 0.1445 is below threshold 0.5000
2026-09-20 15:10:11,967 [INFO] [face_recognition.detector]: Detected 1 face(s) with confidence >= 0.50
2026-09-20 15:10:11,967 [INFO] [face_recognition.detector]: Detected 1 face(s) with confidence >= 0.50
2026-09-20 15:10:11,988 [INFO] [face_recognition.matcher]: Unknown person rejected: highest similarity score 0.1399 is below threshold 0.5000
2026-09-20 15:10:11,991 [INFO] [face_recognition.detector]: Detected 1 face(s) with confidence >= 0.50
2026-09-20 15:10:11,999 [INFO] [face_recognition.matcher]: Unknown person rejected: highest similarity score 0.1445 is below threshold 0.5000
2026-09-20 15:10:12,025 [INFO] [face_recognition.matcher]: Unknown person rejected: highest similarity score 0.1445 is below threshold 0.5000
2026-09-20 15:10:12,112 [INFO] [face_recognition.detector]: Detected 1 face(s) with confidence >= 0.50
2026-09-20 15:10:12,142 [INFO] [face_recognition.matcher]: Unknown person rejected: highest similarity score 0.0183 is below threshold 0.5000
2026-09-20 15:10:12,495 [INFO] [face_recognition.detector]: Detected 1 face(s) with confidence >= 0.50
2026-09-20 15:10:12,533 [INFO] [face_recognition.matcher]: Unknown person rejected: highest similarity score 0.1415 is below threshold 0.5000
2026-09-20 15:10:12,597 [INFO] [face_recognition.detector]: Detected 1 face(s) with confidence >= 0.50
2026-09-20 15:10:12,613 [INFO] [face_recognition.matcher]: Unknown person rejected: highest similarity score 0.0020 is below threshold 0.5000
2026-09-20 15:10:13,015 [INFO] [face_recognition.detector]: Detected 1 face(s) with confidence >= 0.50
2026-09-20 15:10:13,131 [INFO] [face_recognition.matcher]: Unknown person rejected: highest similarity score 0.1445 is below threshold 0.5000
2026-09-20 15:10:13,165 [INFO] [face_recognition.detector]: Detected 1 face(s) with confidence >= 0.50
2026-09-20 15:10:13,584 [INFO] [face_recognition.matcher]: Unknown person rejected: highest similarity score -0.0027 is below threshold 0.5000
2026-09-20 15:10:17,415 [INFO] [face_recognition.detector]: Detected 1 face(s) with confidence >= 0.50
2026-09-20 15:10:17,522 [INFO] [face_recognition.matcher]: Unknown person rejected: highest similarity score 0.1288 is below threshold 0.5000
2026-09-20 15:10:17,642 [INFO] [face_recognition.detector]: Detected 1 face(s) with confidence >= 0.50
2026-09-20 15:10:17,666 [INFO] [face_recognition.matcher]: Unknown person rejected: highest similarity score 0.1311 is below threshold 0.5000
2026-09-20 15:10:17,855 [INFO] [face_recognition.detector]: Detected 1 face(s) with confidence >= 0.50
2026-09-20 15:10:17,894 [INFO] [face_recognition.matcher]: Unknown person rejected: highest similarity score 0.1399 is below threshold 0.5000
2026-09-20 15:10:18,023 [INFO] [face_recognition.detector]: Detected 1 face(s) with confidence >= 0.50
2026-09-20 15:10:18,048 [INFO] [face_recognition.matcher]: Unknown person rejected: highest similarity score 0.1415 is below threshold 0.5000
2026-09-20 15:10:18,204 [INFO] [face_recognition.detector]: Detected 1 face(s) with confidence >= 0.50
2026-09-20 15:10:18,253 [INFO] [face_recognition.matcher]: Unknown person rejected: highest similarity score 0.1445 is below threshold 0.5000
2026-09-20 15:10:26,921 [INFO] [face_recognition.detector]: Detected 1 face(s) with confidence >= 0.50
2026-09-20 15:10:26,932 [INFO] [face_recognition.matcher]: Unknown person rejected: highest similarity score 0.0054 is below threshold 0.5000
2026-09-20 15:10:27,242 [INFO] [face_recognition.detector]: Detected 1 face(s) with confidence >= 0.50
2026-09-20 15:10:27,253 [INFO] [face_recognition.matcher]: Unknown person rejected: highest similarity score 0.0183 is below threshold 0.5000
2026-09-20 15:10:28,283 [INFO] [face_recognition.detector]: Detected 1 face(s) with confidence >= 0.50
2026-09-20 15:10:28,301 [INFO] [face_recognition.matcher]: Unknown person rejected: highest similarity score 0.0020 is below threshold 0.5000
2026-09-20 15:10:29,132 [INFO] [face_recognition.detector]: Detected 1 face(s) with confidence >= 0.50
2026-09-20 15:10:29,171 [INFO] [face_recognition.matcher]: Unknown person rejected: highest similarity score -0.0027 is below threshold 0.5000
2026-09-20 15:10:30,284 [INFO] [face_recognition.detector]: Detected 1 face(s) with confidence >= 0.50
2026-09-20 15:10:30,369 [INFO] [face_recognition.matcher]: Unknown person rejected: highest similarity score 0.1288 is below threshold 0.5000
2026-09-20 15:10:32,249 [INFO] [face_recognition.detector]: Detected 1 face(s) with confidence >= 0.50
2026-09-20 15:10:32,396 [INFO] [face_recognition.matcher]: Unknown person rejected: highest similarity score 0.1311 is below threshold 0.5000
2026-09-20 15:10:33,528 [INFO] [face_recognition.detector]: Detected 1 face(s) with confidence >= 0.50
2026-09-20 15:10:33,549 [INFO] [face_recognition.matcher]: Unknown person rejected: highest similarity score 0.1399 is below threshold 0.5000
2026-09-20 15:10:34,776 [INFO] [face_recognition.detector]: Detected 1 face(s) with confidence >= 0.50
2026-09-20 15:10:34,804 [INFO] [face_recognition.matcher]: Unknown person rejected: highest similarity score 0.1415 is below threshold 0.5000
2026-09-20 15:10:34,980 [INFO] [face_recognition.detector]: Detected 1 face(s) with confidence >= 0.50
2026-09-20 15:10:34,994 [INFO] [face_recognition.matcher]: Unknown person rejected: highest similarity score 0.1445 is below threshold 0.5000
2026-09-20 15:10:35,400 [INFO] [face_recognition.detector]: Detected 1 face(s) with confidence >= 0.50
2026-09-20 15:10:35,416 [INFO] [face_recognition.matcher]: Unknown person rejected: highest similarity score 0.0054 is below threshold 0.5000
2026-09-20 15:10:36,119 [INFO] [face_recognition.detector]: Detected 1 face(s) with confidence >= 0.50
2026-09-20 15:10:36,149 [INFO] [face_recognition.matcher]: Unknown person rejected: highest similarity score 0.0183 is below threshold 0.5000
2026-09-20 15:10:37,960 [INFO] [face_recognition.detector]: Detected 1 face(s) with confidence >= 0.50
2026-09-20 15:10:38,009 [INFO] [face_recognition.matcher]: Unknown person rejected: highest similarity score 0.0020 is below threshold 0.5000
2026-09-20 15:10:38,163 [INFO] [face_recognition.detector]: Detected 1 face(s) with confidence >= 0.50
2026-09-20 15:10:38,187 [INFO] [face_recognition.matcher]: Unknown person rejected: highest similarity score -0.0027 is below threshold 0.5000
2026-09-20 15:10:38,303 [INFO] [face_recognition.detector]: Detected 1 face(s) with confidence >= 0.50
2026-09-20 15:10:38,338 [INFO] [face_recognition.matcher]: Unknown person rejected: highest similarity score 0.1288 is below threshold 0.5000
2026-09-20 15:10:38,543 [INFO] [face_recognition.detector]: Detected 1 face(s) with confidence >= 0.50
2026-09-20 15:10:38,576 [INFO] [face_recognition.matcher]: Unknown person rejected: highest similarity score 0.1311 is below threshold 0.5000
2026-09-20 15:10:38,690 [INFO] [face_recognition.detector]: Detected 1 face(s) with confidence >= 0.50
2026-09-20 15:10:38,725 [INFO] [face_recognition.matcher]: Unknown person rejected: highest similarity score 0.1399 is below threshold 0.5000
2026-09-20 15:10:38,852 [INFO] [face_recognition.detector]: Detected 1 face(s) with confidence >= 0.50
2026-09-20 15:10:38,871 [INFO] [face_recognition.matcher]: Unknown person rejected: highest similarity score 0.1415 is below threshold 0.5000
2026-09-20 15:10:38,989 [INFO] [face_recognition.detector]: Detected 1 face(s) with confidence >= 0.50
2026-09-20 15:10:39,012 [INFO] [face_recognition.matcher]: Unknown person rejected: highest similarity score 0.1445 is below threshold 0.5000
2026-09-20 15:14:56,006 [INFO] [face_recognition.detector]: Detected 1 face(s) with confidence >= 0.50
2026-09-20 15:14:56,019 [INFO] [face_recognition.matcher]: Unknown person rejected: highest similarity score 0.0054 is below threshold 0.5000
2026-09-20 15:14:56,452 [INFO] [face_recognition.detector]: Detected 1 face(s) with confidence >= 0.50
2026-09-20 15:14:56,494 [INFO] [face_recognition.matcher]: Unknown person rejected: highest similarity score 0.0183 is below threshold 0.5000
2026-09-20 15:14:58,118 [INFO] [face_recognition.detector]: Detected 1 face(s) with confidence >= 0.50
2026-09-20 15:14:58,138 [INFO] [face_recognition.matcher]: Unknown person rejected: highest similarity score 0.0020 is below threshold 0.5000
2026-09-20 15:14:59,814 [INFO] [face_recognition.detector]: Detected 1 face(s) with confidence >= 0.50
2026-09-20 15:14:59,831 [INFO] [face_recognition.matcher]: Unknown person rejected: highest similarity score -0.0027 is below threshold 0.5000
2026-09-20 15:15:02,242 [INFO] [face_recognition.detector]: Detected 1 face(s) with confidence >= 0.50
2026-09-20 15:15:02,360 [INFO] [face_recognition.matcher]: Unknown person rejected: highest similarity score 0.1288 is below threshold 0.5000
2026-09-20 15:15:04,028 [INFO] [face_recognition.detector]: Detected 1 face(s) with confidence >= 0.50
2026-09-20 15:15:04,071 [INFO] [face_recognition.matcher]: Unknown person rejected: highest similarity score 0.1311 is below threshold 0.5000
2026-09-20 15:15:06,419 [INFO] [face_recognition.detector]: Detected 1 face(s) with confidence >= 0.50
2026-09-20 15:15:06,450 [INFO] [face_recognition.matcher]: Unknown person rejected: highest similarity score 0.1399 is below threshold 0.5000
2026-09-20 15:15:08,464 [INFO] [face_recognition.detector]: Detected 1 face(s) with confidence >= 0.50
2026-09-20 15:15:08,483 [INFO] [face_recognition.matcher]: Unknown person rejected: highest similarity score 0.1415 is below threshold 0.5000
2026-09-20 15:15:10,949 [INFO] [face_recognition.detector]: Detected 1 face(s) with confidence >= 0.50
2026-09-20 15:15:10,969 [INFO] [face_recognition.matcher]: Unknown person rejected: highest similarity score 0.1445 is below threshold 0.5000
2026-09-20 15:15:13,333 [INFO] [face_recognition.detector]: Detected 1 face(s) with confidence >= 0.50
2026-09-20 15:15:13,448 [INFO] [face_recognition.matcher]: Unknown person rejected: highest similarity score 0.0054 is below threshold 0.5000
2026-09-20 15:15:15,496 [INFO] [face_recognition.detector]: Detected 1 face(s) with confidence >= 0.50
2026-09-20 15:15:15,570 [INFO] [face_recognition.matcher]: Unknown person rejected: highest similarity score 0.0183 is below threshold 0.5000
2026-09-20 15:15:17,848 [INFO] [face_recognition.detector]: Detected 1 face(s) with confidence >= 0.50
2026-09-20 15:15:17,895 [INFO] [face_recognition.matcher]: Unknown person rejected: highest similarity score 0.0020 is below threshold 0.5000
2026-09-20 15:15:18,780 [INFO] [face_recognition.detector]: Detected 1 face(s) with confidence >= 0.50
2026-09-20 15:15:18,811 [INFO] [face_recognition.matcher]: Unknown person rejected: highest similarity score -0.0027 is below threshold 0.5000
2026-09-20 15:15:20,870 [INFO] [face_recognition.detector]: Detected 1 face(s) with confidence >= 0.50
2026-09-20 15:15:20,995 [INFO] [face_recognition.matcher]: Unknown person rejected: highest similarity score 0.1288 is below threshold 0.5000
2026-09-20 15:15:22,763 [INFO] [face_recognition.detector]: Detected 1 face(s) with confidence >= 0.50
2026-09-20 15:15:22,779 [INFO] [face_recognition.matcher]: Unknown person rejected: highest similarity score 0.1311 is below threshold 0.5000
2026-09-20 15:15:25,116 [INFO] [face_recognition.detector]: Detected 1 face(s) with confidence >= 0.50
2026-09-20 15:15:25,145 [INFO] [face_recognition.matcher]: Unknown person rejected: highest similarity score 0.1399 is below threshold 0.5000
2026-09-20 15:15:28,156 [INFO] [face_recognition.detector]: Detected 1 face(s) with confidence >= 0.50
2026-09-20 15:15:28,416 [INFO] [face_recognition.matcher]: Unknown person rejected: highest similarity score 0.1415 is below threshold 0.5000
2026-09-20 15:15:30,585 [INFO] [face_recognition.detector]: Detected 1 face(s) with confidence >= 0.50
2026-09-20 15:15:30,640 [INFO] [face_recognition.matcher]: Unknown person rejected: highest similarity score 0.1445 is below threshold 0.5000
2026-09-20 15:16:08,948 [INFO] [face_recognition.detector]: Detected 1 face(s) with confidence >= 0.50
2026-09-20 15:16:08,970 [INFO] [face_recognition.matcher]: Unknown person rejected: highest similarity score 0.0054 is below threshold 0.5000
2026-09-20 15:16:09,403 [INFO] [face_recognition.detector]: Detected 1 face(s) with confidence >= 0.50
2026-09-20 15:16:09,439 [INFO] [face_recognition.matcher]: Unknown person rejected: highest similarity score 0.0183 is below threshold 0.5000
2026-09-20 15:16:10,765 [INFO] [face_recognition.detector]: Detected 1 face(s) with confidence >= 0.50
2026-09-20 15:16:10,827 [INFO] [face_recognition.matcher]: Unknown person rejected: highest similarity score 0.0020 is below threshold 0.5000
2026-09-20 15:16:12,137 [INFO] [face_recognition.detector]: Detected 1 face(s) with confidence >= 0.50
2026-09-20 15:16:12,239 [INFO] [face_recognition.matcher]: Unknown person rejected: highest similarity score -0.0027 is below threshold 0.5000
2026-09-20 15:16:14,596 [INFO] [face_recognition.detector]: Detected 1 face(s) with confidence >= 0.50
2026-09-20 15:16:14,627 [INFO] [face_recognition.matcher]: Unknown person rejected: highest similarity score 0.1288 is below threshold 0.5000
2026-09-20 15:16:17,016 [INFO] [face_recognition.detector]: Detected 1 face(s) with confidence >= 0.50
2026-09-20 15:16:17,035 [INFO] [face_recognition.matcher]: Unknown person rejected: highest similarity score 0.1311 is below threshold 0.5000
2026-09-20 15:16:19,536 [INFO] [face_recognition.detector]: Detected 1 face(s) with confidence >= 0.50
2026-09-20 15:16:19,653 [INFO] [face_recognition.matcher]: Unknown person rejected: highest similarity score 0.1399 is below threshold 0.5000
2026-09-20 15:16:21,832 [INFO] [face_recognition.detector]: Detected 1 face(s) with confidence >= 0.50
2026-09-20 15:16:21,988 [INFO] [face_recognition.matcher]: Unknown person rejected: highest similarity score 0.1415 is below threshold 0.5000
2026-09-20 15:16:23,501 [INFO] [face_recognition.detector]: Detected 1 face(s) with confidence >= 0.50
2026-09-20 15:16:23,519 [INFO] [face_recognition.matcher]: Unknown person rejected: highest similarity score 0.1445 is below threshold 0.5000
2026-09-20 15:16:26,697 [INFO] [face_recognition.detector]: Detected 1 face(s) with confidence >= 0.50
2026-09-20 15:16:26,793 [INFO] [face_recognition.matcher]: Unknown person rejected: highest similarity score 0.0054 is below threshold 0.5000
2026-09-20 15:16:29,141 [INFO] [face_recognition.detector]: Detected 1 face(s) with confidence >= 0.50
2026-09-20 15:16:29,187 [INFO] [face_recognition.matcher]: Unknown person rejected: highest similarity score 0.0183 is below threshold 0.5000
2026-09-20 15:16:32,433 [INFO] [face_recognition.detector]: Detected 1 face(s) with confidence >= 0.50
2026-09-20 15:16:32,453 [INFO] [face_recognition.matcher]: Unknown person rejected: highest similarity score 0.0020 is below threshold 0.5000
2026-09-20 15:16:34,470 [INFO] [face_recognition.detector]: Detected 1 face(s) with confidence >= 0.50
2026-09-20 15:16:34,637 [INFO] [face_recognition.matcher]: Unknown person rejected: highest similarity score -0.0027 is below threshold 0.5000
2026-09-20 15:16:36,678 [INFO] [face_recognition.detector]: Detected 1 face(s) with confidence >= 0.50
2026-09-20 15:16:36,698 [INFO] [face_recognition.matcher]: Unknown person rejected: highest similarity score 0.1288 is below threshold 0.5000
2026-09-20 15:16:37,474 [INFO] [face_recognition.detector]: Detected 1 face(s) with confidence >= 0.50
2026-09-20 15:16:37,509 [INFO] [face_recognition.matcher]: Unknown person rejected: highest similarity score 0.1311 is below threshold 0.5000
2026-09-20 15:16:38,458 [INFO] [face_recognition.detector]: Detected 1 face(s) with confidence >= 0.50
2026-09-20 15:16:38,474 [INFO] [face_recognition.matcher]: Unknown person rejected: highest similarity score 0.1399 is below threshold 0.5000
2026-09-20 15:16:38,644 [INFO] [face_recognition.detector]: Detected 1 face(s) with confidence >= 0.50
2026-09-20 15:16:38,656 [INFO] [face_recognition.matcher]: Unknown person rejected: highest similarity score 0.1415 is below threshold 0.5000
2026-09-20 15:16:39,285 [INFO] [face_recognition.detector]: Detected 1 face(s) with confidence >= 0.50
2026-09-20 15:16:39,385 [INFO] [face_recognition.matcher]: Unknown person rejected: highest similarity score 0.1445 is below threshold 0.5000
2026-09-20 15:16:39,388 [INFO] [face_recognition.detector]: Detected 1 face(s) with confidence >= 0.50
2026-09-20 15:16:39,414 [INFO] [face_recognition.matcher]: Unknown person rejected: highest similarity score 0.0054 is below threshold 0.5000
2026-09-20 15:16:40,734 [INFO] [face_recognition.detector]: Detected 1 face(s) with confidence >= 0.50
2026-09-20 15:16:40,820 [INFO] [face_recognition.matcher]: Unknown person rejected: highest similarity score 0.0183 is below threshold 0.5000
2026-09-20 15:16:44,718 [INFO] [face_recognition.detector]: Detected 1 face(s) with confidence >= 0.50
2026-09-20 15:16:44,859 [INFO] [face_recognition.matcher]: Unknown person rejected: highest similarity score 0.0020 is below threshold 0.5000
2026-09-20 15:16:45,940 [INFO] [face_recognition.detector]: Detected 1 face(s) with confidence >= 0.50
2026-09-20 15:16:45,998 [INFO] [face_recognition.matcher]: Unknown person rejected: highest similarity score -0.0027 is below threshold 0.5000
2026-09-20 15:16:46,184 [INFO] [face_recognition.detector]: Detected 1 face(s) with confidence >= 0.50
2026-09-20 15:16:46,219 [INFO] [face_recognition.matcher]: Unknown person rejected: highest similarity score 0.1288 is below threshold 0.5000
2026-09-20 15:16:46,338 [INFO] [face_recognition.detector]: Detected 1 face(s) with confidence >= 0.50
2026-09-20 15:16:46,380 [INFO] [face_recognition.matcher]: Unknown person rejected: highest similarity score 0.1311 is below threshold 0.5000
2026-09-20 15:16:46,491 [INFO] [face_recognition.detector]: Detected 1 face(s) with confidence >= 0.50
2026-09-20 15:16:46,522 [INFO] [face_recognition.matcher]: Unknown person rejected: highest similarity score 0.1399 is below threshold 0.5000
2026-09-20 15:16:46,620 [INFO] [face_recognition.detector]: Detected 1 face(s) with confidence >= 0.50
2026-09-20 15:16:46,653 [INFO] [face_recognition.matcher]: Unknown person rejected: highest similarity score 0.1415 is below threshold 0.5000
2026-09-20 15:16:46,791 [INFO] [face_recognition.detector]: Detected 1 face(s) with confidence >= 0.50
2026-09-20 15:16:46,825 [INFO] [face_recognition.matcher]: Unknown person rejected: highest similarity score 0.1445 is below threshold 0.5000
2026-09-20 15:16:46,993 [INFO] [face_recognition.detector]: Detected 1 face(s) with confidence >= 0.50
2026-09-20 15:16:47,025 [INFO] [face_recognition.matcher]: Unknown person rejected: highest similarity score 0.0054 is below threshold 0.5000
2026-09-20 15:16:47,164 [INFO] [face_recognition.detector]: Detected 1 face(s) with confidence >= 0.50
2026-09-20 15:16:47,202 [INFO] [face_recognition.matcher]: Unknown person rejected: highest similarity score 0.0183 is below threshold 0.5000
2026-09-20 15:16:47,365 [INFO] [face_recognition.detector]: Detected 1 face(s) with confidence >= 0.50
2026-09-20 15:16:47,392 [INFO] [face_recognition.matcher]: Unknown person rejected: highest similarity score 0.0020 is below threshold 0.5000
2026-09-20 15:16:47,518 [INFO] [face_recognition.detector]: Detected 1 face(s) with confidence >= 0.50
2026-09-20 15:16:47,554 [INFO] [face_recognition.matcher]: Unknown person rejected: highest similarity score -0.0027 is below threshold 0.5000
2026-09-20 15:16:47,666 [INFO] [face_recognition.detector]: Detected 1 face(s) with confidence >= 0.50
2026-09-20 15:16:47,704 [INFO] [face_recognition.matcher]: Unknown person rejected: highest similarity score 0.1288 is below threshold 0.5000
2026-09-20 15:16:47,835 [INFO] [face_recognition.detector]: Detected 1 face(s) with confidence >= 0.50
2026-09-20 15:16:47,876 [INFO] [face_recognition.matcher]: Unknown person rejected: highest similarity score 0.1311 is below threshold 0.5000
2026-09-20 15:16:48,042 [INFO] [face_recognition.detector]: Detected 1 face(s) with confidence >= 0.50
2026-09-20 15:16:48,077 [INFO] [face_recognition.matcher]: Unknown person rejected: highest similarity score 0.1399 is below threshold 0.5000
2026-09-20 15:16:48,250 [INFO] [face_recognition.detector]: Detected 1 face(s) with confidence >= 0.50
2026-09-20 15:16:48,283 [INFO] [face_recognition.matcher]: Unknown person rejected: highest similarity score 0.1415 is below threshold 0.5000
2026-09-20 15:16:48,410 [INFO] [face_recognition.detector]: Detected 1 face(s) with confidence >= 0.50
2026-09-20 15:16:48,444 [INFO] [face_recognition.matcher]: Unknown person rejected: highest similarity score 0.1445 is below threshold 0.5000
2026-09-20 15:19:13,485 [INFO] [face_recognition.detector]: Detected 1 face(s) with confidence >= 0.50
2026-09-20 15:19:13,496 [INFO] [face_recognition.matcher]: Unknown person rejected: highest similarity score 0.0054 is below threshold 0.5000
2026-09-20 15:19:13,869 [INFO] [face_recognition.detector]: Detected 1 face(s) with confidence >= 0.50
2026-09-20 15:19:13,940 [INFO] [face_recognition.matcher]: Unknown person rejected: highest similarity score 0.0183 is below threshold 0.5000
2026-09-20 15:19:15,262 [INFO] [face_recognition.detector]: Detected 1 face(s) with confidence >= 0.50
2026-09-20 15:19:15,289 [INFO] [face_recognition.matcher]: Unknown person rejected: highest similarity score 0.0020 is below threshold 0.5000
2026-09-20 15:19:17,746 [INFO] [face_recognition.detector]: Detected 1 face(s) with confidence >= 0.50
2026-09-20 15:19:17,875 [INFO] [face_recognition.matcher]: Unknown person rejected: highest similarity score -0.0027 is below threshold 0.5000
2026-09-20 15:19:20,733 [INFO] [face_recognition.detector]: Detected 1 face(s) with confidence >= 0.50
2026-09-20 15:19:20,768 [INFO] [face_recognition.matcher]: Unknown person rejected: highest similarity score 0.1288 is below threshold 0.5000
2026-09-20 15:19:23,510 [INFO] [face_recognition.detector]: Detected 1 face(s) with confidence >= 0.50
2026-09-20 15:19:23,641 [INFO] [face_recognition.matcher]: Unknown person rejected: highest similarity score 0.1311 is below threshold 0.5000
2026-09-20 15:19:26,210 [INFO] [face_recognition.detector]: Detected 1 face(s) with confidence >= 0.50
2026-09-20 15:19:26,366 [INFO] [face_recognition.matcher]: Unknown person rejected: highest similarity score 0.1399 is below threshold 0.5000
2026-09-20 15:19:29,643 [INFO] [face_recognition.detector]: Detected 1 face(s) with confidence >= 0.50
2026-09-20 15:19:29,774 [INFO] [face_recognition.matcher]: Unknown person rejected: highest similarity score 0.1415 is below threshold 0.5000
2026-09-20 15:19:32,406 [INFO] [face_recognition.detector]: Detected 1 face(s) with confidence >= 0.50
2026-09-20 15:19:32,619 [INFO] [face_recognition.matcher]: Unknown person rejected: highest similarity score 0.1445 is below threshold 0.5000
2026-09-20 15:22:44,295 [INFO] [face_recognition.detector]: Detected 1 face(s) with confidence >= 0.50
2026-09-20 15:22:44,364 [INFO] [face_recognition.matcher]: Unknown person rejected: highest similarity score 0.0054 is below threshold 0.5000
2026-09-20 15:22:44,774 [INFO] [face_recognition.detector]: Detected 1 face(s) with confidence >= 0.50
2026-09-20 15:22:44,806 [INFO] [face_recognition.matcher]: Unknown person rejected: highest similarity score 0.0183 is below threshold 0.5000
2026-09-20 15:22:44,948 [INFO] [face_recognition.detector]: Detected 1 face(s) with confidence >= 0.50
2026-09-20 15:22:44,967 [INFO] [face_recognition.matcher]: Unknown person rejected: highest similarity score 0.0020 is below threshold 0.5000
2026-09-20 15:22:45,100 [INFO] [face_recognition.detector]: Detected 1 face(s) with confidence >= 0.50
2026-09-20 15:22:45,116 [INFO] [face_recognition.matcher]: Unknown person rejected: highest similarity score -0.0027 is below threshold 0.5000
2026-09-20 15:22:45,254 [INFO] [face_recognition.detector]: Detected 1 face(s) with confidence >= 0.50
2026-09-20 15:22:45,272 [INFO] [face_recognition.matcher]: Unknown person rejected: highest similarity score 0.1288 is below threshold 0.5000
2026-09-20 15:22:45,399 [INFO] [face_recognition.detector]: Detected 1 face(s) with confidence >= 0.50
2026-09-20 15:22:45,411 [INFO] [face_recognition.matcher]: Unknown person rejected: highest similarity score 0.1311 is below threshold 0.5000
2026-09-20 15:22:45,557 [INFO] [face_recognition.detector]: Detected 1 face(s) with confidence >= 0.50
2026-09-20 15:22:45,576 [INFO] [face_recognition.matcher]: Unknown person rejected: highest similarity score 0.1399 is below threshold 0.5000
2026-09-20 15:22:45,732 [INFO] [face_recognition.detector]: Detected 1 face(s) with confidence >= 0.50
2026-09-20 15:22:45,749 [INFO] [face_recognition.matcher]: Unknown person rejected: highest similarity score 0.1415 is below threshold 0.5000
2026-09-20 15:22:45,901 [INFO] [face_recognition.detector]: Detected 1 face(s) with confidence >= 0.50
2026-09-20 15:22:45,919 [INFO] [face_recognition.matcher]: Unknown person rejected: highest similarity score 0.1445 is below threshold 0.5000
2026-09-20 15:22:46,205 [INFO] [face_recognition.detector]: Detected 1 face(s) with confidence >= 0.50
2026-09-20 15:22:46,221 [INFO] [face_recognition.matcher]: Unknown person rejected: highest similarity score 0.0054 is below threshold 0.5000
2026-09-20 15:22:46,378 [INFO] [face_recognition.detector]: Detected 1 face(s) with confidence >= 0.50
2026-09-20 15:22:46,393 [INFO] [face_recognition.matcher]: Unknown person rejected: highest similarity score 0.0183 is below threshold 0.5000
2026-09-20 15:22:46,562 [INFO] [face_recognition.detector]: Detected 1 face(s) with confidence >= 0.50
2026-09-20 15:22:46,578 [INFO] [face_recognition.matcher]: Unknown person rejected: highest similarity score 0.0020 is below threshold 0.5000
2026-09-20 15:22:46,766 [INFO] [face_recognition.detector]: Detected 1 face(s) with confidence >= 0.50
2026-09-20 15:22:46,784 [INFO] [face_recognition.matcher]: Unknown person rejected: highest similarity score -0.0027 is below threshold 0.5000
2026-09-20 15:22:46,970 [INFO] [face_recognition.detector]: Detected 1 face(s) with confidence >= 0.50
2026-09-20 15:22:46,990 [INFO] [face_recognition.matcher]: Unknown person rejected: highest similarity score 0.1288 is below threshold 0.5000
2026-09-20 15:22:47,132 [INFO] [face_recognition.detector]: Detected 1 face(s) with confidence >= 0.50
2026-09-20 15:22:47,152 [INFO] [face_recognition.matcher]: Unknown person rejected: highest similarity score 0.1311 is below threshold 0.5000
2026-09-20 15:22:47,293 [INFO] [face_recognition.detector]: Detected 1 face(s) with confidence >= 0.50
2026-09-20 15:22:47,308 [INFO] [face_recognition.matcher]: Unknown person rejected: highest similarity score 0.1399 is below threshold 0.5000
2026-09-20 15:22:47,454 [INFO] [face_recognition.detector]: Detected 1 face(s) with confidence >= 0.50
2026-09-20 15:22:47,469 [INFO] [face_recognition.matcher]: Unknown person rejected: highest similarity score 0.1415 is below threshold 0.5000
2026-09-20 15:22:47,614 [INFO] [face_recognition.detector]: Detected 1 face(s) with confidence >= 0.50
2026-09-20 15:22:47,625 [INFO] [face_recognition.matcher]: Unknown person rejected: highest similarity score 0.1445 is below threshold 0.5000
2026-09-20 15:24:33,963 [INFO] [face_recognition.detector]: Detected 1 face(s) with confidence >= 0.50
2026-09-20 15:24:34,032 [INFO] [face_recognition.matcher]: Unknown person rejected: highest similarity score 0.0054 is below threshold 0.5000
2026-09-20 15:24:34,405 [INFO] [face_recognition.detector]: Detected 1 face(s) with confidence >= 0.50
2026-09-20 15:24:34,425 [INFO] [face_recognition.matcher]: Unknown person rejected: highest similarity score 0.0183 is below threshold 0.5000
2026-09-20 15:24:34,563 [INFO] [face_recognition.detector]: Detected 1 face(s) with confidence >= 0.50
2026-09-20 15:24:34,580 [INFO] [face_recognition.matcher]: Unknown person rejected: highest similarity score 0.0020 is below threshold 0.5000
2026-09-20 15:24:34,796 [INFO] [face_recognition.detector]: Detected 1 face(s) with confidence >= 0.50
2026-09-20 15:24:34,831 [INFO] [face_recognition.matcher]: Unknown person rejected: highest similarity score -0.0027 is below threshold 0.5000
2026-09-20 15:24:35,013 [INFO] [face_recognition.detector]: Detected 1 face(s) with confidence >= 0.50
2026-09-20 15:24:35,030 [INFO] [face_recognition.matcher]: Unknown person rejected: highest similarity score 0.1288 is below threshold 0.5000
2026-09-20 15:24:35,197 [INFO] [face_recognition.detector]: Detected 1 face(s) with confidence >= 0.50
2026-09-20 15:24:35,214 [INFO] [face_recognition.matcher]: Unknown person rejected: highest similarity score 0.1311 is below threshold 0.5000
2026-09-20 15:24:35,367 [INFO] [face_recognition.detector]: Detected 1 face(s) with confidence >= 0.50
2026-09-20 15:24:35,384 [INFO] [face_recognition.matcher]: Unknown person rejected: highest similarity score 0.1399 is below threshold 0.5000
2026-09-20 15:24:35,519 [INFO] [face_recognition.detector]: Detected 1 face(s) with confidence >= 0.50
2026-09-20 15:24:35,534 [INFO] [face_recognition.matcher]: Unknown person rejected: highest similarity score 0.1415 is below threshold 0.5000
2026-09-20 15:24:35,661 [INFO] [face_recognition.detector]: Detected 1 face(s) with confidence >= 0.50
2026-09-20 15:24:35,670 [INFO] [face_recognition.matcher]: Unknown person rejected: highest similarity score 0.1445 is below threshold 0.5000
2026-09-20 15:29:52,707 [INFO] [face_recognition.detector]: Detected 1 face(s) with confidence >= 0.50
2026-09-20 15:29:52,720 [INFO] [face_recognition.matcher]: Unknown person rejected: highest similarity score 0.0054 is below threshold 0.5000
2026-09-20 15:29:53,053 [INFO] [face_recognition.detector]: Detected 1 face(s) with confidence >= 0.50
2026-09-20 15:29:53,070 [INFO] [face_recognition.matcher]: Unknown person rejected: highest similarity score 0.0183 is below threshold 0.5000
2026-09-20 15:29:54,226 [INFO] [face_recognition.detector]: Detected 1 face(s) with confidence >= 0.50
2026-09-20 15:29:54,259 [INFO] [face_recognition.matcher]: Unknown person rejected: highest similarity score 0.0020 is below threshold 0.5000
2026-09-20 15:29:55,390 [INFO] [face_recognition.detector]: Detected 1 face(s) with confidence >= 0.50
2026-09-20 15:29:55,451 [INFO] [face_recognition.matcher]: Unknown person rejected: highest similarity score -0.0027 is below threshold 0.5000
2026-09-20 15:29:56,987 [INFO] [face_recognition.detector]: Detected 1 face(s) with confidence >= 0.50
2026-09-20 15:29:57,122 [INFO] [face_recognition.matcher]: Unknown person rejected: highest similarity score 0.1288 is below threshold 0.5000
2026-09-20 15:29:59,575 [INFO] [face_recognition.detector]: Detected 1 face(s) with confidence >= 0.50
2026-09-20 15:29:59,617 [INFO] [face_recognition.matcher]: Unknown person rejected: highest similarity score 0.1311 is below threshold 0.5000
2026-09-20 15:30:02,009 [INFO] [face_recognition.detector]: Detected 1 face(s) with confidence >= 0.50
2026-09-20 15:30:02,034 [INFO] [face_recognition.matcher]: Unknown person rejected: highest similarity score 0.1399 is below threshold 0.5000
2026-09-20 15:30:04,060 [INFO] [face_recognition.detector]: Detected 1 face(s) with confidence >= 0.50
2026-09-20 15:30:04,102 [INFO] [face_recognition.matcher]: Unknown person rejected: highest similarity score 0.1415 is below threshold 0.5000
2026-09-20 15:30:06,335 [INFO] [face_recognition.detector]: Detected 1 face(s) with confidence >= 0.50
2026-09-20 15:30:06,371 [INFO] [face_recognition.matcher]: Unknown person rejected: highest similarity score 0.1445 is below threshold 0.5000
2026-09-20 15:30:08,825 [INFO] [face_recognition.detector]: Detected 1 face(s) with confidence >= 0.50
2026-09-20 15:30:08,915 [INFO] [face_recognition.matcher]: Unknown person rejected: highest similarity score 0.0054 is below threshold 0.5000
2026-09-20 15:30:10,886 [INFO] [face_recognition.detector]: Detected 1 face(s) with confidence >= 0.50
2026-09-20 15:30:10,912 [INFO] [face_recognition.matcher]: Unknown person rejected: highest similarity score 0.0183 is below threshold 0.5000
2026-09-20 15:30:12,948 [INFO] [face_recognition.detector]: Detected 1 face(s) with confidence >= 0.50
2026-09-20 15:30:12,989 [INFO] [face_recognition.matcher]: Unknown person rejected: highest similarity score 0.0020 is below threshold 0.5000
2026-09-20 15:30:15,213 [INFO] [face_recognition.detector]: Detected 1 face(s) with confidence >= 0.50
2026-09-20 15:30:15,238 [INFO] [face_recognition.matcher]: Unknown person rejected: highest similarity score -0.0027 is below threshold 0.5000
2026-09-20 15:30:19,609 [INFO] [face_recognition.detector]: Detected 1 face(s) with confidence >= 0.50
2026-09-20 15:30:19,746 [INFO] [face_recognition.matcher]: Unknown person rejected: highest similarity score 0.1288 is below threshold 0.5000
2026-09-20 15:30:20,764 [INFO] [face_recognition.detector]: Detected 1 face(s) with confidence >= 0.50
2026-09-20 15:30:20,782 [INFO] [face_recognition.matcher]: Unknown person rejected: highest similarity score 0.0054 is below threshold 0.5000
2026-09-20 15:30:21,066 [INFO] [face_recognition.detector]: Detected 1 face(s) with confidence >= 0.50
2026-09-20 15:30:21,188 [INFO] [face_recognition.matcher]: Unknown person rejected: highest similarity score 0.0054 is below threshold 0.5000
2026-09-20 15:30:22,382 [INFO] [face_recognition.detector]: Detected 1 face(s) with confidence >= 0.50
2026-09-20 15:30:22,414 [INFO] [face_recognition.matcher]: Unknown person rejected: highest similarity score 0.1311 is below threshold 0.5000
2026-09-20 15:30:23,322 [INFO] [face_recognition.detector]: Detected 1 face(s) with confidence >= 0.50
2026-09-20 15:30:23,373 [INFO] [face_recognition.matcher]: Unknown person rejected: highest similarity score 0.0183 is below threshold 0.5000
2026-09-20 15:30:23,513 [INFO] [face_recognition.detector]: Detected 1 face(s) with confidence >= 0.50
2026-09-20 15:30:23,526 [INFO] [face_recognition.matcher]: Unknown person rejected: highest similarity score 0.0183 is below threshold 0.5000
2026-09-20 15:30:24,571 [INFO] [face_recognition.detector]: Detected 1 face(s) with confidence >= 0.50
2026-09-20 15:30:24,660 [INFO] [face_recognition.matcher]: Unknown person rejected: highest similarity score 0.1399 is below threshold 0.5000
2026-09-20 15:30:25,587 [INFO] [face_recognition.detector]: Detected 1 face(s) with confidence >= 0.50
2026-09-20 15:30:25,630 [INFO] [face_recognition.matcher]: Unknown person rejected: highest similarity score 0.0020 is below threshold 0.5000
2026-09-20 15:30:26,061 [INFO] [face_recognition.detector]: Detected 1 face(s) with confidence >= 0.50
2026-09-20 15:30:26,194 [INFO] [face_recognition.matcher]: Unknown person rejected: highest similarity score 0.0020 is below threshold 0.5000
2026-09-20 15:30:28,139 [INFO] [face_recognition.detector]: Detected 1 face(s) with confidence >= 0.50
2026-09-20 15:30:28,332 [INFO] [face_recognition.matcher]: Unknown person rejected: highest similarity score 0.1415 is below threshold 0.5000
2026-09-20 15:30:29,317 [INFO] [face_recognition.detector]: Detected 1 face(s) with confidence >= 0.50
2026-09-20 15:30:29,355 [INFO] [face_recognition.matcher]: Unknown person rejected: highest similarity score -0.0027 is below threshold 0.5000
2026-09-20 15:30:29,827 [INFO] [face_recognition.detector]: Detected 1 face(s) with confidence >= 0.50
2026-09-20 15:30:29,871 [INFO] [face_recognition.matcher]: Unknown person rejected: highest similarity score -0.0027 is below threshold 0.5000
2026-09-20 15:30:30,559 [INFO] [face_recognition.detector]: Detected 1 face(s) with confidence >= 0.50
2026-09-20 15:30:30,586 [INFO] [face_recognition.matcher]: Unknown person rejected: highest similarity score 0.1445 is below threshold 0.5000
2026-09-20 15:30:31,684 [INFO] [face_recognition.detector]: Detected 1 face(s) with confidence >= 0.50
2026-09-20 15:30:31,900 [INFO] [face_recognition.matcher]: Unknown person rejected: highest similarity score 0.1288 is below threshold 0.5000
2026-09-20 15:30:32,271 [INFO] [face_recognition.detector]: Detected 1 face(s) with confidence >= 0.50
2026-09-20 15:30:32,352 [INFO] [face_recognition.matcher]: Unknown person rejected: highest similarity score 0.1288 is below threshold 0.5000
2026-09-20 15:30:33,859 [INFO] [face_recognition.detector]: Detected 1 face(s) with confidence >= 0.50
2026-09-20 15:30:33,893 [INFO] [face_recognition.matcher]: Unknown person rejected: highest similarity score 0.1311 is below threshold 0.5000
2026-09-20 15:30:34,308 [INFO] [face_recognition.detector]: Detected 1 face(s) with confidence >= 0.50
2026-09-20 15:30:34,369 [INFO] [face_recognition.matcher]: Unknown person rejected: highest similarity score 0.1311 is below threshold 0.5000
2026-09-20 15:30:35,804 [INFO] [face_recognition.detector]: Detected 1 face(s) with confidence >= 0.50
2026-09-20 15:30:35,913 [INFO] [face_recognition.matcher]: Unknown person rejected: highest similarity score 0.1399 is below threshold 0.5000
2026-09-20 15:30:36,676 [INFO] [face_recognition.detector]: Detected 1 face(s) with confidence >= 0.50
2026-09-20 15:30:36,701 [INFO] [face_recognition.matcher]: Unknown person rejected: highest similarity score 0.1399 is below threshold 0.5000
2026-09-20 15:30:37,892 [INFO] [face_recognition.detector]: Detected 1 face(s) with confidence >= 0.50
2026-09-20 15:30:37,903 [INFO] [face_recognition.matcher]: Unknown person rejected: highest similarity score 0.1415 is below threshold 0.5000
2026-09-20 15:30:39,094 [INFO] [face_recognition.detector]: Detected 1 face(s) with confidence >= 0.50
2026-09-20 15:30:39,116 [INFO] [face_recognition.matcher]: Unknown person rejected: highest similarity score 0.1415 is below threshold 0.5000
2026-09-20 15:30:40,039 [INFO] [face_recognition.detector]: Detected 1 face(s) with confidence >= 0.50
2026-09-20 15:30:40,146 [INFO] [face_recognition.matcher]: Unknown person rejected: highest similarity score 0.1445 is below threshold 0.5000
2026-09-20 15:30:41,241 [INFO] [face_recognition.detector]: Detected 1 face(s) with confidence >= 0.50
2026-09-20 15:30:41,351 [INFO] [face_recognition.matcher]: Unknown person rejected: highest similarity score 0.1445 is below threshold 0.5000
2026-09-20 15:46:19,839 [INFO] [face_recognition.detector]: Detected 0 face(s) with confidence >= 0.45
2026-09-20 15:46:33,971 [INFO] [face_recognition.detector]: Detected 0 face(s) with confidence >= 0.45
2026-09-20 15:49:46,424 [INFO] [face_recognition.cleanup]: Retention cleanup daemon stopped.
2026-09-20 15:51:21,301 [INFO] [face_recognition.detector]: Initializing FaceDetector with model pack 'buffalo_sc' on CPU...
2026-09-20 15:51:21,516 [INFO] [face_recognition.detector]: FaceDetector successfully initialized.
2026-09-20 15:51:21,569 [INFO] [face_recognition.embedder]: FaceEmbedder successfully initialized with ArcFace ONNX model.
2026-09-20 15:51:21,626 [INFO] [face_recognition.engine]: FaceEngine pipeline fully initialized.
2026-09-20 15:51:22,223 [INFO] [face_recognition.cleanup]: Retention cleanup daemon started. Interval: 86400 seconds, Retention: 30 days.
2026-09-20 15:51:22,223 [INFO] [face_recognition.cleanup]: Retention cleanup daemon thread launched (id=24844).
2026-09-20 15:51:22,224 [INFO] [face_recognition.cleanup]: Retention cleanup: scanning 'C:\Users\Ritheesh k\Downloads\face_rec\Ritheesh\backend\data\thumbnails' for files older than 30 day(s).
2026-09-20 15:51:22,234 [INFO] [face_recognition.cleanup]: Retention cleanup: finished. Deleted 0 file(s).
2026-09-20 15:51:57,439 [INFO] [face_recognition.detector]: Detected 1 face(s) with confidence >= 0.50
2026-09-20 15:51:57,514 [INFO] [face_recognition.recognition_service]: Matching 1 detected face(s) against 4 enrolled template(s)...
2026-09-20 15:51:57,584 [INFO] [face_recognition.matcher]: Identity match: 'Ritheesh' (ID: 5) with similarity score 0.5170 >= threshold 0.5000
2026-09-20 15:51:57,668 [INFO] [face_recognition.recognition_service]: Recognition completed in 539.01 ms. Status: KNOWN. Best similarity: 0.5170 (threshold: 0.5000)
2026-09-20 15:58:29,330 [INFO] [face_recognition.cleanup]: Retention cleanup daemon stopped.
2026-09-20 15:58:33,159 [INFO] [face_recognition.detector]: Initializing FaceDetector with model pack 'buffalo_sc' on CPU...
2026-09-20 15:58:33,269 [INFO] [face_recognition.detector]: FaceDetector successfully initialized.
2026-09-20 15:58:33,317 [INFO] [face_recognition.embedder]: FaceEmbedder successfully initialized with ArcFace ONNX model.
2026-09-20 15:58:33,372 [INFO] [face_recognition.engine]: FaceEngine pipeline fully initialized.
2026-09-20 15:58:34,155 [INFO] [face_recognition.cleanup]: Retention cleanup daemon started. Interval: 86400 seconds, Retention: 30 days.
2026-09-20 15:58:34,155 [INFO] [face_recognition.cleanup]: Retention cleanup daemon thread launched (id=17144).
2026-09-20 15:58:34,156 [INFO] [face_recognition.cleanup]: Retention cleanup: scanning 'C:\Users\Ritheesh k\Downloads\face_rec\Ritheesh\backend\data\thumbnails' for files older than 30 day(s).
2026-09-20 15:58:34,163 [INFO] [face_recognition.cleanup]: Retention cleanup: finished. Deleted 0 file(s).
2026-09-20 16:05:00,508 [INFO] [face_recognition.cleanup]: Retention cleanup daemon stopped.
2026-09-20 16:05:05,025 [INFO] [face_recognition.detector]: Initializing FaceDetector with model pack 'buffalo_sc' on CPU...
2026-09-20 16:05:05,317 [INFO] [face_recognition.detector]: FaceDetector successfully initialized.
2026-09-20 16:05:05,339 [INFO] [face_recognition.embedder]: FaceEmbedder successfully initialized with ArcFace ONNX model.
2026-09-20 16:05:05,353 [INFO] [face_recognition.engine]: FaceEngine pipeline fully initialized.
2026-09-20 16:05:05,991 [INFO] [face_recognition.cleanup]: Retention cleanup daemon started. Interval: 86400 seconds, Retention: 30 days.
2026-09-20 16:05:05,991 [INFO] [face_recognition.cleanup]: Retention cleanup daemon thread launched (id=26832).
2026-09-20 16:05:05,992 [INFO] [face_recognition.cleanup]: Retention cleanup: scanning 'C:\Users\Ritheesh k\Downloads\face_rec\Ritheesh\backend\data\thumbnails' for files older than 30 day(s).
2026-09-20 16:05:06,017 [INFO] [face_recognition.cleanup]: Retention cleanup: finished. Deleted 0 file(s).
2026-09-20 16:05:24,135 [INFO] [face_recognition.cleanup]: Retention cleanup daemon stopped.
2026-09-20 16:05:28,124 [INFO] [face_recognition.detector]: Initializing FaceDetector with model pack 'buffalo_sc' on CPU...
2026-09-20 16:05:28,405 [INFO] [face_recognition.detector]: FaceDetector successfully initialized.
2026-09-20 16:05:28,455 [INFO] [face_recognition.embedder]: FaceEmbedder successfully initialized with ArcFace ONNX model.
2026-09-20 16:05:28,508 [INFO] [face_recognition.engine]: FaceEngine pipeline fully initialized.
2026-09-20 16:05:29,261 [INFO] [face_recognition.cleanup]: Retention cleanup daemon started. Interval: 86400 seconds, Retention: 30 days.
2026-09-20 16:05:29,261 [INFO] [face_recognition.cleanup]: Retention cleanup daemon thread launched (id=18960).
2026-09-20 16:05:29,261 [INFO] [face_recognition.cleanup]: Retention cleanup: scanning 'C:\Users\Ritheesh k\Downloads\face_rec\Ritheesh\backend\data\thumbnails' for files older than 30 day(s).
2026-09-20 16:05:29,282 [INFO] [face_recognition.cleanup]: Retention cleanup: finished. Deleted 0 file(s).
2026-09-20 16:08:10,562 [INFO] [face_recognition.detector]: Detected 3 face(s) with confidence >= 0.50
2026-09-20 16:08:10,632 [INFO] [face_recognition.recognition_service]: Matching 3 detected face(s) against 4 enrolled template(s)...
2026-09-20 16:08:10,700 [INFO] [face_recognition.matcher]: Identity match: 'DB' (ID: 4) with similarity score 0.6507 >= threshold 0.5000
2026-09-20 16:08:10,760 [INFO] [face_recognition.matcher]: Unknown person rejected: highest similarity score 0.2576 is below threshold 0.5000
2026-09-20 16:08:10,818 [INFO] [face_recognition.matcher]: Unknown person rejected: highest similarity score 0.1092 is below threshold 0.5000
2026-09-20 16:08:10,872 [INFO] [face_recognition.recognition_service]: Recognition completed in 828.41 ms. Status: KNOWN. Best similarity: 0.6507 (threshold: 0.5000)
2026-09-20 16:08:27,232 [INFO] [face_recognition.detector]: Detected 1 face(s) with confidence >= 0.50
2026-09-20 16:08:27,309 [INFO] [face_recognition.recognition_service]: Matching 1 detected face(s) against 4 enrolled template(s)...
2026-09-20 16:08:27,369 [INFO] [face_recognition.matcher]: Identity match: 'vk' (ID: 2) with similarity score 0.8054 >= threshold 0.5000
2026-09-20 16:08:27,440 [INFO] [face_recognition.recognition_service]: Recognition completed in 666.19 ms. Status: KNOWN. Best similarity: 0.8054 (threshold: 0.5000)
2026-09-20 16:08:42,651 [INFO] [face_recognition.detector]: Detected 9 face(s) with confidence >= 0.50
2026-09-20 16:08:42,674 [INFO] [face_recognition.recognition_service]: Matching 9 detected face(s) against 4 enrolled template(s)...
2026-09-20 16:08:42,692 [INFO] [face_recognition.matcher]: Identity match: 'appu' (ID: 3) with similarity score 0.6080 >= threshold 0.5000
2026-09-20 16:08:42,714 [INFO] [face_recognition.matcher]: Identity match: 'appu' (ID: 3) with similarity score 0.6915 >= threshold 0.5000
2026-09-20 16:08:42,735 [INFO] [face_recognition.matcher]: Identity match: 'appu' (ID: 3) with similarity score 0.6483 >= threshold 0.5000
2026-09-20 16:08:42,755 [INFO] [face_recognition.matcher]: Identity match: 'appu' (ID: 3) with similarity score 0.7738 >= threshold 0.5000
2026-09-20 16:08:42,770 [INFO] [face_recognition.matcher]: Identity match: 'appu' (ID: 3) with similarity score 0.6693 >= threshold 0.5000
2026-09-20 16:08:42,783 [INFO] [face_recognition.matcher]: Identity match: 'appu' (ID: 3) with similarity score 0.6687 >= threshold 0.5000
2026-09-20 16:08:42,792 [INFO] [face_recognition.matcher]: Identity match: 'appu' (ID: 3) with similarity score 0.5481 >= threshold 0.5000
2026-09-20 16:08:42,807 [INFO] [face_recognition.matcher]: Unknown person rejected: highest similarity score 0.4462 is below threshold 0.5000
2026-09-20 16:08:42,813 [INFO] [face_recognition.matcher]: Identity match: 'appu' (ID: 3) with similarity score 0.7283 >= threshold 0.5000
2026-09-20 16:08:42,834 [INFO] [face_recognition.recognition_service]: Recognition completed in 1231.34 ms. Status: KNOWN. Best similarity: 0.7738 (threshold: 0.5000)
2026-09-20 16:09:08,965 [INFO] [face_recognition.detector]: Detected 0 face(s) with confidence >= 0.50
2026-09-20 16:09:09,029 [INFO] [face_recognition.recognition_service]: Recognition attempt: 0 faces detected (latency: 86.25 ms).
2026-09-20 16:09:23,856 [INFO] [face_recognition.detector]: Detected 0 face(s) with confidence >= 0.50
2026-09-20 16:09:23,865 [INFO] [face_recognition.recognition_service]: Recognition attempt: 0 faces detected (latency: 58.73 ms).
2026-09-20 16:09:24,894 [INFO] [face_recognition.detector]: Detected 0 face(s) with confidence >= 0.50
2026-09-20 16:09:24,900 [INFO] [face_recognition.recognition_service]: Recognition attempt: 0 faces detected (latency: 104.52 ms).
2026-09-20 16:09:32,776 [INFO] [face_recognition.detector]: Detected 0 face(s) with confidence >= 0.50
2026-09-20 16:09:32,780 [INFO] [face_recognition.recognition_service]: Recognition attempt: 0 faces detected (latency: 68.05 ms).
2026-09-20 16:09:33,583 [INFO] [face_recognition.detector]: Detected 0 face(s) with confidence >= 0.50
2026-09-20 16:09:33,588 [INFO] [face_recognition.recognition_service]: Recognition attempt: 0 faces detected (latency: 56.30 ms).
2026-09-20 16:10:33,232 [INFO] [face_recognition.detector]: Detected 0 face(s) with confidence >= 0.50
2026-09-20 16:10:33,237 [INFO] [face_recognition.recognition_service]: Recognition attempt: 0 faces detected (latency: 63.06 ms).
2026-09-20 16:11:07,334 [INFO] [face_recognition.detector]: Detected 0 face(s) with confidence >= 0.50
2026-09-20 16:11:07,341 [INFO] [face_recognition.recognition_service]: Recognition attempt: 0 faces detected (latency: 56.87 ms).
2026-09-20 17:36:01,406 [INFO] [face_recognition.cleanup]: Retention cleanup daemon stopped.
2026-09-20 18:02:12,845 [INFO] [face_recognition.detector]: Initializing FaceDetector with model pack 'buffalo_sc' on CPU...
2026-09-20 18:02:13,059 [INFO] [face_recognition.detector]: FaceDetector successfully initialized.
2026-09-20 18:02:13,149 [INFO] [face_recognition.embedder]: FaceEmbedder successfully initialized with ArcFace ONNX model.
2026-09-20 18:02:13,266 [INFO] [face_recognition.engine]: FaceEngine pipeline fully initialized.
2026-09-20 18:02:13,810 [INFO] [face_recognition.cleanup]: Retention cleanup daemon started. Interval: 86400 seconds, Retention: 30 days.
2026-09-20 18:02:13,811 [INFO] [face_recognition.cleanup]: Retention cleanup daemon thread launched (id=24416).
2026-09-20 18:02:13,826 [INFO] [face_recognition.cleanup]: Retention cleanup: scanning 'C:\Users\Ritheesh k\Downloads\face_rec\Ritheesh\backend\data\thumbnails' for files older than 30 day(s).
2026-09-20 18:02:13,840 [INFO] [face_recognition.cleanup]: Retention cleanup: finished. Deleted 0 file(s).
2026-09-20 18:02:33,168 [INFO] [face_recognition.detector]: Detected 9 face(s) with confidence >= 0.50
2026-09-20 18:02:33,191 [INFO] [face_recognition.recognition_service]: Matching 9 detected face(s) against 4 enrolled template(s)...
2026-09-20 18:02:33,208 [INFO] [face_recognition.matcher]: Identity match: 'appu' (ID: 3) with similarity score 0.6080 >= threshold 0.5000
2026-09-20 18:02:33,240 [INFO] [face_recognition.matcher]: Identity match: 'appu' (ID: 3) with similarity score 0.6915 >= threshold 0.5000
2026-09-20 18:02:33,303 [INFO] [face_recognition.matcher]: Identity match: 'appu' (ID: 3) with similarity score 0.6483 >= threshold 0.5000
2026-09-20 18:02:33,363 [INFO] [face_recognition.matcher]: Identity match: 'appu' (ID: 3) with similarity score 0.7738 >= threshold 0.5000
2026-09-20 18:02:33,514 [INFO] [face_recognition.matcher]: Identity match: 'appu' (ID: 3) with similarity score 0.6693 >= threshold 0.5000
2026-09-20 18:02:33,543 [INFO] [face_recognition.matcher]: Identity match: 'appu' (ID: 3) with similarity score 0.6687 >= threshold 0.5000
2026-09-20 18:02:33,582 [INFO] [face_recognition.matcher]: Identity match: 'appu' (ID: 3) with similarity score 0.5481 >= threshold 0.5000
2026-09-20 18:02:33,612 [INFO] [face_recognition.matcher]: Unknown person rejected: highest similarity score 0.4462 is below threshold 0.5000
2026-09-20 18:02:33,658 [INFO] [face_recognition.matcher]: Identity match: 'appu' (ID: 3) with similarity score 0.7283 >= threshold 0.5000
2026-09-20 18:02:33,829 [INFO] [face_recognition.recognition_service]: Recognition completed in 2415.97 ms. Status: KNOWN. Best similarity: 0.7738 (threshold: 0.5000)
2026-09-20 18:03:00,096 [INFO] [face_recognition.detector]: Detected 1 face(s) with confidence >= 0.50
2026-09-20 18:03:00,107 [INFO] [face_recognition.matcher]: Unknown person rejected: highest similarity score 0.0054 is below threshold 0.5000
2026-09-20 18:03:00,450 [INFO] [face_recognition.detector]: Detected 1 face(s) with confidence >= 0.50
2026-09-20 18:03:00,462 [INFO] [face_recognition.matcher]: Unknown person rejected: highest similarity score 0.0183 is below threshold 0.5000
2026-09-20 18:03:01,509 [INFO] [face_recognition.detector]: Detected 1 face(s) with confidence >= 0.50
2026-09-20 18:03:01,549 [INFO] [face_recognition.matcher]: Unknown person rejected: highest similarity score 0.0020 is below threshold 0.5000
2026-09-20 18:03:02,721 [INFO] [face_recognition.detector]: Detected 1 face(s) with confidence >= 0.50
2026-09-20 18:03:02,756 [INFO] [face_recognition.matcher]: Unknown person rejected: highest similarity score -0.0027 is below threshold 0.5000
2026-09-20 18:03:04,650 [INFO] [face_recognition.detector]: Detected 1 face(s) with confidence >= 0.50
2026-09-20 18:03:04,662 [INFO] [face_recognition.matcher]: Unknown person rejected: highest similarity score 0.1288 is below threshold 0.5000
2026-09-20 18:03:06,969 [INFO] [face_recognition.detector]: Detected 1 face(s) with confidence >= 0.50
2026-09-20 18:03:07,066 [INFO] [face_recognition.matcher]: Unknown person rejected: highest similarity score 0.1311 is below threshold 0.5000
2026-09-20 18:03:08,957 [INFO] [face_recognition.detector]: Detected 1 face(s) with confidence >= 0.50
2026-09-20 18:03:09,062 [INFO] [face_recognition.matcher]: Unknown person rejected: highest similarity score 0.1399 is below threshold 0.5000
2026-09-20 18:03:10,573 [INFO] [face_recognition.detector]: Detected 1 face(s) with confidence >= 0.50
2026-09-20 18:03:10,624 [INFO] [face_recognition.matcher]: Unknown person rejected: highest similarity score 0.1415 is below threshold 0.5000
2026-09-20 18:03:11,918 [INFO] [face_recognition.detector]: Detected 1 face(s) with confidence >= 0.50
2026-09-20 18:03:11,940 [INFO] [face_recognition.matcher]: Unknown person rejected: highest similarity score 0.1445 is below threshold 0.5000
2026-09-20 18:03:13,991 [INFO] [face_recognition.detector]: Detected 1 face(s) with confidence >= 0.50
2026-09-20 18:03:14,019 [INFO] [face_recognition.matcher]: Unknown person rejected: highest similarity score 0.0054 is below threshold 0.5000
2026-09-20 18:03:15,583 [INFO] [face_recognition.detector]: Detected 1 face(s) with confidence >= 0.50
2026-09-20 18:03:15,604 [INFO] [face_recognition.matcher]: Unknown person rejected: highest similarity score 0.0183 is below threshold 0.5000
2026-09-20 18:03:16,509 [INFO] [face_recognition.detector]: Detected 1 face(s) with confidence >= 0.50
2026-09-20 18:03:16,576 [INFO] [face_recognition.matcher]: Unknown person rejected: highest similarity score 0.0020 is below threshold 0.5000
2026-09-20 18:03:18,077 [INFO] [face_recognition.detector]: Detected 1 face(s) with confidence >= 0.50
2026-09-20 18:03:18,129 [INFO] [face_recognition.matcher]: Unknown person rejected: highest similarity score -0.0027 is below threshold 0.5000
2026-09-20 18:03:19,954 [INFO] [face_recognition.detector]: Detected 1 face(s) with confidence >= 0.50
2026-09-20 18:03:20,008 [INFO] [face_recognition.matcher]: Unknown person rejected: highest similarity score 0.1288 is below threshold 0.5000
2026-09-20 18:03:21,555 [INFO] [face_recognition.detector]: Detected 1 face(s) with confidence >= 0.50
2026-09-20 18:03:21,630 [INFO] [face_recognition.matcher]: Unknown person rejected: highest similarity score 0.1311 is below threshold 0.5000
2026-09-20 18:03:23,037 [INFO] [face_recognition.detector]: Detected 1 face(s) with confidence >= 0.50
2026-09-20 18:03:23,057 [INFO] [face_recognition.matcher]: Unknown person rejected: highest similarity score 0.1399 is below threshold 0.5000
2026-09-20 18:03:24,791 [INFO] [face_recognition.detector]: Detected 1 face(s) with confidence >= 0.50
2026-09-20 18:03:24,805 [INFO] [face_recognition.matcher]: Unknown person rejected: highest similarity score 0.1415 is below threshold 0.5000
2026-09-20 18:03:27,008 [INFO] [face_recognition.detector]: Detected 1 face(s) with confidence >= 0.50
2026-09-20 18:03:27,070 [INFO] [face_recognition.matcher]: Unknown person rejected: highest similarity score 0.1445 is below threshold 0.5000
2026-09-20 18:10:22,955 [INFO] [face_recognition.cleanup]: Retention cleanup daemon stopped.
2026-09-20 18:10:27,417 [INFO] [face_recognition.detector]: Initializing FaceDetector with model pack 'buffalo_sc' on CPU...
2026-09-20 18:10:27,602 [INFO] [face_recognition.detector]: FaceDetector successfully initialized.
2026-09-20 18:10:27,668 [INFO] [face_recognition.embedder]: FaceEmbedder successfully initialized with ArcFace ONNX model.
2026-09-20 18:10:27,793 [INFO] [face_recognition.engine]: FaceEngine pipeline fully initialized.
2026-09-20 18:10:28,271 [INFO] [face_recognition.cleanup]: Retention cleanup daemon started. Interval: 86400 seconds, Retention: 30 days.
2026-09-20 18:10:28,271 [INFO] [face_recognition.cleanup]: Retention cleanup daemon thread launched (id=27176).
2026-09-20 18:10:28,271 [INFO] [face_recognition.cleanup]: Retention cleanup: scanning 'C:\Users\Ritheesh k\Downloads\face_rec\Ritheesh\backend\data\thumbnails' for files older than 30 day(s).
2026-09-20 18:10:28,279 [INFO] [face_recognition.cleanup]: Retention cleanup: finished. Deleted 0 file(s).
2026-09-20 18:12:06,914 [INFO] [face_recognition.cleanup]: Retention cleanup daemon stopped.
2026-09-20 18:12:11,015 [INFO] [face_recognition.detector]: Initializing FaceDetector with model pack 'buffalo_sc' on CPU...
2026-09-20 18:12:11,124 [INFO] [face_recognition.detector]: FaceDetector successfully initialized.
2026-09-20 18:12:11,158 [INFO] [face_recognition.embedder]: FaceEmbedder successfully initialized with ArcFace ONNX model.
2026-09-20 18:12:11,176 [INFO] [face_recognition.engine]: FaceEngine pipeline fully initialized.
2026-09-20 18:12:11,835 [INFO] [face_recognition.cleanup]: Retention cleanup daemon started. Interval: 86400 seconds, Retention: 30 days.
2026-09-20 18:12:11,835 [INFO] [face_recognition.cleanup]: Retention cleanup daemon thread launched (id=25952).
2026-09-20 18:12:11,836 [INFO] [face_recognition.cleanup]: Retention cleanup: scanning 'C:\Users\Ritheesh k\Downloads\face_rec\Ritheesh\backend\data\thumbnails' for files older than 30 day(s).
2026-09-20 18:12:11,887 [INFO] [face_recognition.cleanup]: Retention cleanup: finished. Deleted 0 file(s).
2026-09-20 19:14:19,336 [INFO] [face_recognition.cleanup]: Retention cleanup daemon stopped.
2026-09-20 23:36:22,798 [INFO] [face_recognition.detector]: Initializing FaceDetector with model pack 'buffalo_sc' on CPU...
2026-09-20 23:36:25,214 [INFO] [face_recognition.detector]: FaceDetector successfully initialized.
2026-09-20 23:36:25,336 [INFO] [face_recognition.embedder]: FaceEmbedder successfully initialized with ArcFace ONNX model.
2026-09-20 23:36:25,353 [INFO] [face_recognition.engine]: FaceEngine pipeline fully initialized.
2026-09-20 23:36:29,770 [INFO] [face_recognition.cleanup]: Retention cleanup daemon started. Interval: 86400 seconds, Retention: 30 days.
2026-09-20 23:36:29,771 [INFO] [face_recognition.cleanup]: Retention cleanup daemon thread launched (id=16008).
2026-09-20 23:36:29,785 [INFO] [face_recognition.cleanup]: Retention cleanup: scanning 'C:\Users\Ritheesh k\Downloads\Face_Recognition_System\Ritheesh\backend\data\thumbnails' for files older than 30 day(s).
2026-09-20 23:36:30,029 [INFO] [face_recognition.cleanup]: Retention cleanup: finished. Deleted 0 file(s).
2026-09-20 23:37:54,159 [INFO] [face_recognition.detector]: Detected 9 face(s) with confidence >= 0.50
2026-09-20 23:37:54,199 [INFO] [face_recognition.recognition_service]: Matching 9 detected face(s) against 4 enrolled template(s)...
2026-09-20 23:37:54,295 [INFO] [face_recognition.matcher]: Identity match: 'appu' (ID: 3) with similarity score 0.6080 >= threshold 0.5000
2026-09-20 23:37:54,359 [INFO] [face_recognition.matcher]: Identity match: 'appu' (ID: 3) with similarity score 0.6915 >= threshold 0.5000
2026-09-20 23:37:54,386 [INFO] [face_recognition.matcher]: Identity match: 'appu' (ID: 3) with similarity score 0.6483 >= threshold 0.5000
2026-09-20 23:37:54,466 [INFO] [face_recognition.matcher]: Identity match: 'appu' (ID: 3) with similarity score 0.7738 >= threshold 0.5000
2026-09-20 23:37:54,590 [INFO] [face_recognition.matcher]: Identity match: 'appu' (ID: 3) with similarity score 0.6693 >= threshold 0.5000
2026-09-20 23:37:54,668 [INFO] [face_recognition.matcher]: Identity match: 'appu' (ID: 3) with similarity score 0.6687 >= threshold 0.5000
2026-09-20 23:37:54,700 [INFO] [face_recognition.matcher]: Identity match: 'appu' (ID: 3) with similarity score 0.5481 >= threshold 0.5000
2026-09-20 23:37:54,727 [INFO] [face_recognition.matcher]: Unknown person rejected: highest similarity score 0.4462 is below threshold 0.5000
2026-09-20 23:37:54,770 [INFO] [face_recognition.matcher]: Identity match: 'appu' (ID: 3) with similarity score 0.7283 >= threshold 0.5000
2026-09-20 23:37:54,915 [INFO] [face_recognition.recognition_service]: Recognition completed in 3392.91 ms. Status: KNOWN. Best similarity: 0.7738 (threshold: 0.5000)
2026-09-20 23:38:24,553 [INFO] [face_recognition.detector]: Detected 1 face(s) with confidence >= 0.50
2026-09-20 23:38:24,570 [INFO] [face_recognition.recognition_service]: Matching 1 detected face(s) against 4 enrolled template(s)...
2026-09-20 23:38:24,581 [INFO] [face_recognition.matcher]: Identity match: 'Ritheesh' (ID: 5) with similarity score 0.5587 >= threshold 0.5000
2026-09-20 23:38:24,617 [INFO] [face_recognition.recognition_service]: Recognition completed in 254.11 ms. Status: KNOWN. Best similarity: 0.5587 (threshold: 0.5000)
2026-09-20 23:39:32,868 [INFO] [face_recognition.detector]: Detected 1 face(s) with confidence >= 0.45
2026-09-20 23:39:33,986 [INFO] [face_recognition.detector]: Detected 1 face(s) with confidence >= 0.45
2026-09-20 23:39:35,538 [INFO] [face_recognition.detector]: Detected 1 face(s) with confidence >= 0.45
2026-09-20 23:47:08,579 [INFO] [face_recognition.detector]: Detected 1 face(s) with confidence >= 0.45
2026-09-20 23:47:09,000 [INFO] [face_recognition.detector]: Detected 1 face(s) with confidence >= 0.45
2026-09-20 23:47:10,160 [INFO] [face_recognition.detector]: Detected 1 face(s) with confidence >= 0.45
2026-09-20 23:47:11,531 [INFO] [face_recognition.detector]: Detected 1 face(s) with confidence >= 0.45
2026-09-20 23:47:43,468 [INFO] [face_recognition.detector]: Detected 1 face(s) with confidence >= 0.45
2026-09-20 23:47:43,849 [INFO] [face_recognition.detector]: Detected 1 face(s) with confidence >= 0.45
2026-09-20 23:47:44,995 [INFO] [face_recognition.detector]: Detected 1 face(s) with confidence >= 0.45
2026-09-20 23:47:46,582 [INFO] [face_recognition.detector]: Detected 1 face(s) with confidence >= 0.45
2026-09-20 23:48:36,449 [INFO] [face_recognition.detector]: Detected 1 face(s) with confidence >= 0.45
2026-09-20 23:48:36,834 [INFO] [face_recognition.detector]: Detected 1 face(s) with confidence >= 0.45
2026-09-20 23:48:38,297 [INFO] [face_recognition.detector]: Detected 1 face(s) with confidence >= 0.45
2026-09-20 23:51:40,343 [INFO] [face_recognition.detector]: Detected 1 face(s) with confidence >= 0.45
2026-09-20 23:51:40,782 [INFO] [face_recognition.detector]: Detected 1 face(s) with confidence >= 0.45
2026-09-20 23:58:40,914 [INFO] [face_recognition.detector]: Detected 1 face(s) with confidence >= 0.45
2026-09-20 23:58:44,752 [INFO] [face_recognition.detector]: Detected 1 face(s) with confidence >= 0.45
2026-09-20 23:58:45,366 [INFO] [face_recognition.detector]: Detected 1 face(s) with confidence >= 0.45
2026-09-20 23:58:46,341 [INFO] [face_recognition.detector]: Detected 1 face(s) with confidence >= 0.45
2026-09-20 23:58:48,905 [INFO] [face_recognition.detector]: Detected 1 face(s) with confidence >= 0.45
2026-09-20 23:58:52,771 [INFO] [face_recognition.detector]: Detected 1 face(s) with confidence >= 0.45
2026-09-20 23:59:02,578 [INFO] [face_recognition.detector]: Detected 1 face(s) with confidence >= 0.45
2026-09-20 23:59:02,890 [INFO] [face_recognition.detector]: Detected 1 face(s) with confidence >= 0.45
2026-09-20 23:59:03,998 [INFO] [face_recognition.detector]: Detected 1 face(s) with confidence >= 0.45
2026-09-20 23:59:05,307 [INFO] [face_recognition.detector]: Detected 1 face(s) with confidence >= 0.45
2026-09-20 23:59:07,241 [INFO] [face_recognition.detector]: Detected 1 face(s) with confidence >= 0.45
2026-09-20 23:59:09,347 [INFO] [face_recognition.detector]: Detected 1 face(s) with confidence >= 0.45
2026-09-20 23:59:11,256 [INFO] [face_recognition.detector]: Detected 1 face(s) with confidence >= 0.45
2026-09-20 23:59:57,781 [INFO] [face_recognition.detector]: Detected 1 face(s) with confidence >= 0.45
2026-09-21 00:00:02,358 [INFO] [face_recognition.detector]: Detected 1 face(s) with confidence >= 0.45
2026-09-21 00:00:04,929 [INFO] [face_recognition.detector]: Detected 1 face(s) with confidence >= 0.45
2026-09-21 00:00:11,811 [INFO] [face_recognition.detector]: Detected 1 face(s) with confidence >= 0.45
2026-09-21 00:00:14,269 [INFO] [face_recognition.detector]: Detected 1 face(s) with confidence >= 0.45
2026-09-21 00:00:19,319 [INFO] [face_recognition.detector]: Detected 1 face(s) with confidence >= 0.45
2026-09-21 00:00:22,057 [INFO] [face_recognition.detector]: Detected 1 face(s) with confidence >= 0.45
2026-09-21 00:00:37,822 [INFO] [face_recognition.detector]: Detected 1 face(s) with confidence >= 0.45
2026-09-21 00:00:38,146 [INFO] [face_recognition.detector]: Detected 1 face(s) with confidence >= 0.45
2026-09-21 00:00:46,038 [INFO] [face_recognition.detector]: Detected 1 face(s) with confidence >= 0.45
2026-09-21 00:00:46,402 [INFO] [face_recognition.detector]: Detected 1 face(s) with confidence >= 0.45
2026-09-21 00:00:50,018 [INFO] [face_recognition.detector]: Detected 1 face(s) with confidence >= 0.45
2026-09-21 00:00:53,148 [INFO] [face_recognition.detector]: Detected 1 face(s) with confidence >= 0.45
2026-09-21 00:00:56,023 [INFO] [face_recognition.detector]: Detected 1 face(s) with confidence >= 0.45
2026-09-21 00:01:36,401 [INFO] [face_recognition.detector]: Detected 1 face(s) with confidence >= 0.45
2026-09-21 00:01:36,687 [INFO] [face_recognition.detector]: Detected 1 face(s) with confidence >= 0.45
2026-09-21 00:01:49,280 [INFO] [face_recognition.detector]: Detected 1 face(s) with confidence >= 0.45
2026-09-21 00:01:49,602 [INFO] [face_recognition.detector]: Detected 1 face(s) with confidence >= 0.45
2026-09-21 00:01:52,094 [INFO] [face_recognition.detector]: Detected 1 face(s) with confidence >= 0.45
2026-09-21 00:01:55,005 [INFO] [face_recognition.detector]: Detected 1 face(s) with confidence >= 0.45
2026-09-21 00:02:00,565 [INFO] [face_recognition.detector]: Detected 1 face(s) with confidence >= 0.45
2026-09-21 00:02:01,457 [INFO] [face_recognition.detector]: Detected 1 face(s) with confidence >= 0.45
2026-09-21 00:02:02,174 [INFO] [face_recognition.detector]: Detected 1 face(s) with confidence >= 0.45
2026-09-21 00:02:03,150 [INFO] [face_recognition.detector]: Detected 1 face(s) with confidence >= 0.45
2026-09-21 00:02:11,448 [INFO] [face_recognition.detector]: Detected 1 face(s) with confidence >= 0.45
2026-09-21 00:03:07,103 [INFO] [face_recognition.detector]: Initializing FaceDetector with model pack 'buffalo_sc' on CPU...
2026-09-21 00:03:07,404 [INFO] [face_recognition.detector]: FaceDetector successfully initialized.
2026-09-21 00:03:07,489 [INFO] [face_recognition.embedder]: FaceEmbedder successfully initialized with ArcFace ONNX model.
2026-09-21 00:03:07,563 [INFO] [face_recognition.engine]: FaceEngine pipeline fully initialized.
2026-09-21 00:03:08,088 [INFO] [face_recognition.cleanup]: Retention cleanup daemon started. Interval: 86400 seconds, Retention: 30 days.
2026-09-21 00:03:08,088 [INFO] [face_recognition.cleanup]: Retention cleanup: scanning 'C:\Users\Ritheesh k\Downloads\Face_Recognition_System\Ritheesh\backend\data\thumbnails' for files older than 30 day(s).
2026-09-21 00:03:08,088 [INFO] [face_recognition.cleanup]: Retention cleanup daemon thread launched (id=29384).
2026-09-21 00:03:08,096 [INFO] [face_recognition.cleanup]: Retention cleanup: finished. Deleted 0 file(s).
2026-09-21 00:08:42,230 [INFO] [face_recognition.detector]: Detected 1 face(s) with confidence >= 0.45
2026-09-21 00:08:54,978 [INFO] [face_recognition.detector]: Detected 1 face(s) with confidence >= 0.45
2026-09-21 00:08:55,904 [INFO] [face_recognition.detector]: Detected 1 face(s) with confidence >= 0.45
2026-09-21 00:08:56,080 [INFO] [face_recognition.detector]: Detected 1 face(s) with confidence >= 0.45
2026-09-21 00:10:53,804 [INFO] [face_recognition.detector]: Detected 1 face(s) with confidence >= 0.45
2026-09-21 00:10:54,228 [INFO] [face_recognition.detector]: Detected 1 face(s) with confidence >= 0.45
2026-09-21 00:10:55,501 [INFO] [face_recognition.detector]: Detected 1 face(s) with confidence >= 0.45
2026-09-21 00:10:55,904 [INFO] [face_recognition.person_service]: Enrolled person 'Atifa' (Code: AT12, ID: 6) with 3 images and representative template.
2026-09-21 00:11:22,858 [INFO] [face_recognition.cleanup]: Retention cleanup daemon stopped.
2026-09-21 00:11:27,938 [INFO] [face_recognition.detector]: Initializing FaceDetector with model pack 'buffalo_sc' on CPU...
2026-09-21 00:11:32,186 [INFO] [face_recognition.detector]: FaceDetector successfully initialized.
2026-09-21 00:11:32,342 [INFO] [face_recognition.embedder]: FaceEmbedder successfully initialized with ArcFace ONNX model.
2026-09-21 00:11:32,481 [INFO] [face_recognition.engine]: FaceEngine pipeline fully initialized.
2026-09-21 00:11:39,489 [INFO] [face_recognition.cleanup]: Retention cleanup daemon started. Interval: 86400 seconds, Retention: 30 days.
2026-09-21 00:11:39,489 [INFO] [face_recognition.cleanup]: Retention cleanup daemon thread launched (id=14864).
2026-09-21 00:11:39,492 [INFO] [face_recognition.cleanup]: Retention cleanup: scanning 'C:\Users\Ritheesh k\Downloads\Face_Recognition_System\Ritheesh\backend\data\thumbnails' for files older than 30 day(s).
2026-09-21 00:11:39,739 [INFO] [face_recognition.cleanup]: Retention cleanup: finished. Deleted 0 file(s).
2026-09-21 00:11:41,791 [INFO] [face_recognition.detector]: Detected 1 face(s) with confidence >= 0.50
2026-09-21 00:11:42,679 [INFO] [face_recognition.recognition_service]: Matching 1 detected face(s) against 5 enrolled template(s)...
2026-09-21 00:11:42,799 [INFO] [face_recognition.matcher]: Identity match: 'Atifa' (ID: 6) with similarity score 0.6951 >= threshold 0.5000
2026-09-21 00:11:43,266 [INFO] [face_recognition.recognition_service]: Recognition completed in 3401.19 ms. Status: KNOWN. Best similarity: 0.6951 (threshold: 0.5000)
2026-09-21 00:12:07,397 [INFO] [face_recognition.cleanup]: Retention cleanup daemon stopped.
2026-09-21 00:12:20,977 [INFO] [face_recognition.detector]: Initializing FaceDetector with model pack 'buffalo_sc' on CPU...
2026-09-21 00:12:23,938 [INFO] [face_recognition.detector]: FaceDetector successfully initialized.
2026-09-21 00:12:24,023 [INFO] [face_recognition.embedder]: FaceEmbedder successfully initialized with ArcFace ONNX model.
2026-09-21 00:12:24,060 [INFO] [face_recognition.engine]: FaceEngine pipeline fully initialized.
2026-09-21 00:12:31,358 [INFO] [face_recognition.cleanup]: Retention cleanup daemon started. Interval: 86400 seconds, Retention: 30 days.
2026-09-21 00:12:31,359 [INFO] [face_recognition.cleanup]: Retention cleanup daemon thread launched (id=16204).
2026-09-21 00:12:31,365 [INFO] [face_recognition.cleanup]: Retention cleanup: scanning 'C:\Users\Ritheesh k\Downloads\Face_Recognition_System\Ritheesh\backend\data\thumbnails' for files older than 30 day(s).
2026-09-21 00:12:31,684 [INFO] [face_recognition.cleanup]: Retention cleanup: finished. Deleted 0 file(s).
2026-09-21 00:12:33,764 [INFO] [face_recognition.detector]: Detected 1 face(s) with confidence >= 0.50
2026-09-21 00:12:34,664 [INFO] [face_recognition.recognition_service]: Matching 1 detected face(s) against 5 enrolled template(s)...
2026-09-21 00:12:34,704 [INFO] [face_recognition.matcher]: Identity match: 'Atifa' (ID: 6) with similarity score 0.5456 >= threshold 0.5000
2026-09-21 00:12:35,142 [INFO] [face_recognition.recognition_service]: Recognition completed in 3481.13 ms. Status: KNOWN. Best similarity: 0.5456 (threshold: 0.5000)
2026-09-21 00:13:26,829 [INFO] [face_recognition.detector]: Detected 1 face(s) with confidence >= 0.50
2026-09-21 00:13:26,839 [INFO] [face_recognition.recognition_service]: Matching 1 detected face(s) against 5 enrolled template(s)...
2026-09-21 00:13:26,851 [INFO] [face_recognition.matcher]: Unknown person rejected: highest similarity score 0.2929 is below threshold 0.5000
2026-09-21 00:13:26,898 [INFO] [face_recognition.recognition_service]: Recognition completed in 250.00 ms. Status: UNKNOWN. Best similarity: 0.2929 (threshold: 0.5000)
2026-09-21 00:13:55,198 [INFO] [face_recognition.detector]: Detected 1 face(s) with confidence >= 0.50
2026-09-21 00:13:55,211 [INFO] [face_recognition.recognition_service]: Matching 1 detected face(s) against 5 enrolled template(s)...
2026-09-21 00:13:55,223 [INFO] [face_recognition.matcher]: Identity match: 'Atifa' (ID: 6) with similarity score 0.9011 >= threshold 0.5000
2026-09-21 00:13:55,267 [INFO] [face_recognition.recognition_service]: Recognition completed in 244.49 ms. Status: KNOWN. Best similarity: 0.9011 (threshold: 0.5000)
2026-09-21 00:14:03,167 [INFO] [face_recognition.detector]: Detected 1 face(s) with confidence >= 0.50
2026-09-21 00:14:03,179 [INFO] [face_recognition.recognition_service]: Matching 1 detected face(s) against 5 enrolled template(s)...
2026-09-21 00:14:03,190 [INFO] [face_recognition.matcher]: Unknown person rejected: highest similarity score 0.2929 is below threshold 0.5000
2026-09-21 00:14:03,247 [INFO] [face_recognition.recognition_service]: Recognition completed in 238.60 ms. Status: UNKNOWN. Best similarity: 0.2929 (threshold: 0.5000)
2026-09-21 00:14:11,261 [INFO] [face_recognition.detector]: Detected 1 face(s) with confidence >= 0.50
2026-09-21 00:14:11,280 [INFO] [face_recognition.recognition_service]: Matching 1 detected face(s) against 5 enrolled template(s)...
2026-09-21 00:14:11,389 [INFO] [face_recognition.matcher]: Identity match: 'Atifa' (ID: 6) with similarity score 0.6951 >= threshold 0.5000
2026-09-21 00:14:11,546 [INFO] [face_recognition.recognition_service]: Recognition completed in 1299.07 ms. Status: KNOWN. Best similarity: 0.6951 (threshold: 0.5000)
2026-09-21 00:14:17,644 [INFO] [face_recognition.detector]: Detected 1 face(s) with confidence >= 0.50
2026-09-21 00:14:17,743 [INFO] [face_recognition.recognition_service]: Matching 1 detected face(s) against 5 enrolled template(s)...
2026-09-21 00:14:17,899 [INFO] [face_recognition.matcher]: Identity match: 'Atifa' (ID: 6) with similarity score 0.7979 >= threshold 0.5000
2026-09-21 00:14:18,060 [INFO] [face_recognition.recognition_service]: Recognition completed in 1836.18 ms. Status: KNOWN. Best similarity: 0.7979 (threshold: 0.5000)
2026-09-21 00:14:43,642 [INFO] [face_recognition.detector]: Detected 1 face(s) with confidence >= 0.50
2026-09-21 00:14:43,654 [INFO] [face_recognition.recognition_service]: Matching 1 detected face(s) against 5 enrolled template(s)...
2026-09-21 00:14:43,666 [INFO] [face_recognition.matcher]: Identity match: 'Atifa' (ID: 6) with similarity score 0.5925 >= threshold 0.5000
2026-09-21 00:14:43,723 [INFO] [face_recognition.recognition_service]: Recognition completed in 262.66 ms. Status: KNOWN. Best similarity: 0.5925 (threshold: 0.5000)
2026-09-21 00:15:35,917 [INFO] [face_recognition.detector]: Detected 1 face(s) with confidence >= 0.50
2026-09-21 00:15:35,929 [INFO] [face_recognition.recognition_service]: Matching 1 detected face(s) against 5 enrolled template(s)...
2026-09-21 00:15:35,940 [INFO] [face_recognition.matcher]: Identity match: 'Atifa' (ID: 6) with similarity score 0.6359 >= threshold 0.5000
2026-09-21 00:15:35,979 [INFO] [face_recognition.recognition_service]: Recognition completed in 221.48 ms. Status: KNOWN. Best similarity: 0.6359 (threshold: 0.5000)
2026-09-21 00:18:35,687 [INFO] [face_recognition.detector]: Detected 1 face(s) with confidence >= 0.50
2026-09-21 00:18:35,697 [INFO] [face_recognition.recognition_service]: Matching 1 detected face(s) against 5 enrolled template(s)...
2026-09-21 00:18:35,709 [INFO] [face_recognition.matcher]: Identity match: 'Atifa' (ID: 6) with similarity score 0.9011 >= threshold 0.5000
2026-09-21 00:18:35,742 [INFO] [face_recognition.recognition_service]: Recognition completed in 212.00 ms. Status: KNOWN. Best similarity: 0.9011 (threshold: 0.5000)
2026-09-21 00:18:49,540 [INFO] [face_recognition.detector]: Detected 1 face(s) with confidence >= 0.50
2026-09-21 00:18:49,559 [INFO] [face_recognition.recognition_service]: Matching 1 detected face(s) against 5 enrolled template(s)...
2026-09-21 00:18:49,579 [INFO] [face_recognition.matcher]: Identity match: 'Atifa' (ID: 6) with similarity score 0.6951 >= threshold 0.5000
2026-09-21 00:18:49,615 [INFO] [face_recognition.recognition_service]: Recognition completed in 279.34 ms. Status: KNOWN. Best similarity: 0.6951 (threshold: 0.5000)
2026-09-21 00:18:56,417 [INFO] [face_recognition.detector]: Detected 1 face(s) with confidence >= 0.50
2026-09-21 00:18:56,429 [INFO] [face_recognition.recognition_service]: Matching 1 detected face(s) against 5 enrolled template(s)...
2026-09-21 00:18:56,441 [INFO] [face_recognition.matcher]: Unknown person rejected: highest similarity score 0.4641 is below threshold 0.5000
2026-09-21 00:18:56,471 [INFO] [face_recognition.recognition_service]: Recognition completed in 232.48 ms. Status: UNKNOWN. Best similarity: 0.4641 (threshold: 0.5000)
2026-09-21 00:21:31,104 [INFO] [face_recognition.person_service]: Deleted person ID: 6
2026-09-21 15:04:27,041 [INFO] [face_recognition.detector]: Initializing FaceDetector with model pack 'buffalo_sc' on CPU...
2026-09-21 15:04:27,179 [INFO] [face_recognition.detector]: FaceDetector successfully initialized.
2026-09-21 15:04:27,198 [INFO] [face_recognition.embedder]: FaceEmbedder successfully initialized with ArcFace ONNX model.
2026-09-21 15:04:27,262 [INFO] [face_recognition.engine]: FaceEngine pipeline fully initialized.
2026-09-21 15:04:27,753 [INFO] [face_recognition.cleanup]: Retention cleanup daemon started. Interval: 86400 seconds, Retention: 30 days.
2026-09-21 15:04:27,753 [INFO] [face_recognition.cleanup]: Retention cleanup daemon thread launched (id=27620).
2026-09-21 15:04:27,787 [INFO] [face_recognition.cleanup]: Retention cleanup: scanning 'C:\Users\Ritheesh k\Downloads\Face_Recognition_System\Ritheesh\backend\data\thumbnails' for files older than 30 day(s).
2026-09-21 15:04:27,807 [INFO] [face_recognition.cleanup]: Retention cleanup: finished. Deleted 0 file(s).
2026-09-21 15:06:48,517 [INFO] [face_recognition.detector]: Detected 0 face(s) with confidence >= 0.50
2026-09-21 15:06:48,532 [INFO] [face_recognition.recognition_service]: Recognition attempt: 0 faces detected (latency: 808.68 ms).
2026-09-21 15:11:13,998 [INFO] [face_recognition.detector]: Detected 0 face(s) with confidence >= 0.50
2026-09-21 15:11:14,003 [INFO] [face_recognition.recognition_service]: Recognition attempt: 0 faces detected (latency: 55.20 ms).
2026-09-21 15:11:15,066 [INFO] [face_recognition.detector]: Detected 0 face(s) with confidence >= 0.50
2026-09-21 15:11:15,070 [INFO] [face_recognition.recognition_service]: Recognition attempt: 0 faces detected (latency: 48.03 ms).
2026-09-21 15:11:16,011 [INFO] [face_recognition.detector]: Detected 0 face(s) with confidence >= 0.50
2026-09-21 15:11:16,015 [INFO] [face_recognition.recognition_service]: Recognition attempt: 0 faces detected (latency: 45.39 ms).
2026-09-21 15:11:16,721 [INFO] [face_recognition.detector]: Detected 0 face(s) with confidence >= 0.50
2026-09-21 15:11:16,726 [INFO] [face_recognition.recognition_service]: Recognition attempt: 0 faces detected (latency: 58.92 ms).
2026-09-21 15:11:17,069 [INFO] [face_recognition.detector]: Detected 0 face(s) with confidence >= 0.50
2026-09-21 15:11:17,075 [INFO] [face_recognition.recognition_service]: Recognition attempt: 0 faces detected (latency: 64.33 ms).
2026-09-21 15:11:17,453 [INFO] [face_recognition.detector]: Detected 0 face(s) with confidence >= 0.50
2026-09-21 15:11:17,456 [INFO] [face_recognition.recognition_service]: Recognition attempt: 0 faces detected (latency: 52.05 ms).
2026-09-21 15:11:35,759 [INFO] [face_recognition.detector]: Detected 1 face(s) with confidence >= 0.50
2026-09-21 15:11:35,774 [INFO] [face_recognition.recognition_service]: Matching 1 detected face(s) against 4 enrolled template(s)...
2026-09-21 15:11:35,802 [INFO] [face_recognition.matcher]: Unknown person rejected: highest similarity score 0.2899 is below threshold 0.5000
2026-09-21 15:11:35,844 [INFO] [face_recognition.recognition_service]: Recognition completed in 251.74 ms. Status: UNKNOWN. Best similarity: 0.2899 (threshold: 0.5000)
2026-09-21 15:21:54,474 [INFO] [face_recognition.detector]: Detected 1 face(s) with confidence >= 0.50
2026-09-21 15:21:54,558 [INFO] [face_recognition.recognition_service]: Matching 1 detected face(s) against 4 enrolled template(s)...
2026-09-21 15:21:54,579 [INFO] [face_recognition.matcher]: Unknown person rejected: highest similarity score 0.2719 is below threshold 0.5000
2026-09-21 15:21:54,712 [INFO] [face_recognition.recognition_service]: Recognition completed in 1123.24 ms. Status: UNKNOWN. Best similarity: 0.2719 (threshold: 0.5000)
2026-09-21 15:22:37,217 [INFO] [face_recognition.detector]: Detected 0 face(s) with confidence >= 0.50
2026-09-21 15:22:37,225 [INFO] [face_recognition.recognition_service]: Recognition attempt: 0 faces detected (latency: 78.17 ms).
2026-09-21 15:22:40,681 [INFO] [face_recognition.detector]: Detected 0 face(s) with confidence >= 0.50
2026-09-21 15:22:40,692 [INFO] [face_recognition.recognition_service]: Recognition attempt: 0 faces detected (latency: 81.83 ms).
2026-09-21 15:22:45,681 [INFO] [face_recognition.detector]: Detected 1 face(s) with confidence >= 0.50
2026-09-21 15:22:45,692 [INFO] [face_recognition.recognition_service]: Matching 1 detected face(s) against 4 enrolled template(s)...
2026-09-21 15:22:45,708 [INFO] [face_recognition.matcher]: Identity match: 'Ritheesh' (ID: 5) with similarity score 0.6959 >= threshold 0.5000
2026-09-21 15:22:45,753 [INFO] [face_recognition.recognition_service]: Recognition completed in 251.03 ms. Status: KNOWN. Best similarity: 0.6959 (threshold: 0.5000)
2026-09-21 15:22:50,660 [INFO] [face_recognition.detector]: Detected 2 face(s) with confidence >= 0.50
2026-09-21 15:22:50,672 [INFO] [face_recognition.recognition_service]: Matching 2 detected face(s) against 4 enrolled template(s)...
2026-09-21 15:22:50,682 [INFO] [face_recognition.matcher]: Unknown person rejected: highest similarity score 0.3194 is below threshold 0.5000
2026-09-21 15:22:50,707 [INFO] [face_recognition.matcher]: Identity match: 'Ritheesh' (ID: 5) with similarity score 0.6441 >= threshold 0.5000
2026-09-21 15:22:50,763 [INFO] [face_recognition.recognition_service]: Recognition completed in 351.17 ms. Status: KNOWN. Best similarity: 0.6441 (threshold: 0.5000)
2026-09-21 15:23:00,613 [INFO] [face_recognition.detector]: Detected 2 face(s) with confidence >= 0.50
2026-09-21 15:23:00,624 [INFO] [face_recognition.recognition_service]: Matching 2 detected face(s) against 4 enrolled template(s)...
2026-09-21 15:23:00,641 [INFO] [face_recognition.matcher]: Unknown person rejected: highest similarity score 0.2977 is below threshold 0.5000
2026-09-21 15:23:00,666 [INFO] [face_recognition.matcher]: Identity match: 'Ritheesh' (ID: 5) with similarity score 0.6886 >= threshold 0.5000
2026-09-21 15:23:00,711 [INFO] [face_recognition.recognition_service]: Recognition completed in 375.98 ms. Status: KNOWN. Best similarity: 0.6886 (threshold: 0.5000)
2026-09-21 15:23:05,613 [INFO] [face_recognition.detector]: Detected 2 face(s) with confidence >= 0.50
2026-09-21 15:23:05,627 [INFO] [face_recognition.recognition_service]: Matching 2 detected face(s) against 4 enrolled template(s)...
2026-09-21 15:23:05,643 [INFO] [face_recognition.matcher]: Unknown person rejected: highest similarity score 0.3043 is below threshold 0.5000
2026-09-21 15:23:05,665 [INFO] [face_recognition.matcher]: Identity match: 'Ritheesh' (ID: 5) with similarity score 0.6992 >= threshold 0.5000
2026-09-21 15:23:05,728 [INFO] [face_recognition.recognition_service]: Recognition completed in 404.01 ms. Status: KNOWN. Best similarity: 0.6992 (threshold: 0.5000)
2026-09-21 15:24:40,076 [INFO] [face_recognition.detector]: Detected 9 face(s) with confidence >= 0.50
2026-09-21 15:24:40,237 [INFO] [face_recognition.recognition_service]: Matching 9 detected face(s) against 4 enrolled template(s)...
2026-09-21 15:24:40,563 [INFO] [face_recognition.matcher]: Identity match: 'appu' (ID: 3) with similarity score 0.6080 >= threshold 0.5000
2026-09-21 15:24:40,833 [INFO] [face_recognition.matcher]: Identity match: 'appu' (ID: 3) with similarity score 0.6915 >= threshold 0.5000
2026-09-21 15:24:40,852 [INFO] [face_recognition.matcher]: Identity match: 'appu' (ID: 3) with similarity score 0.6483 >= threshold 0.5000
2026-09-21 15:24:41,070 [INFO] [face_recognition.matcher]: Identity match: 'appu' (ID: 3) with similarity score 0.7738 >= threshold 0.5000
2026-09-21 15:24:41,122 [INFO] [face_recognition.matcher]: Identity match: 'appu' (ID: 3) with similarity score 0.6693 >= threshold 0.5000
2026-09-21 15:24:41,329 [INFO] [face_recognition.matcher]: Identity match: 'appu' (ID: 3) with similarity score 0.6687 >= threshold 0.5000
2026-09-21 15:24:41,489 [INFO] [face_recognition.matcher]: Identity match: 'appu' (ID: 3) with similarity score 0.5481 >= threshold 0.5000
2026-09-21 15:24:41,511 [INFO] [face_recognition.matcher]: Unknown person rejected: highest similarity score 0.4462 is below threshold 0.5000
2026-09-21 15:24:41,651 [INFO] [face_recognition.matcher]: Identity match: 'appu' (ID: 3) with similarity score 0.7283 >= threshold 0.5000
2026-09-21 15:24:41,847 [INFO] [face_recognition.recognition_service]: Recognition completed in 4976.84 ms. Status: KNOWN. Best similarity: 0.7738 (threshold: 0.5000)
2026-09-21 15:24:52,839 [INFO] [face_recognition.detector]: Detected 1 face(s) with confidence >= 0.50
2026-09-21 15:24:52,856 [INFO] [face_recognition.recognition_service]: Matching 1 detected face(s) against 4 enrolled template(s)...
2026-09-21 15:24:52,878 [INFO] [face_recognition.matcher]: Identity match: 'Ritheesh' (ID: 5) with similarity score 0.5921 >= threshold 0.5000
2026-09-21 15:24:52,910 [INFO] [face_recognition.recognition_service]: Recognition completed in 214.16 ms. Status: KNOWN. Best similarity: 0.5921 (threshold: 0.5000)
2026-09-21 15:25:28,985 [INFO] [face_recognition.detector]: Detected 1 face(s) with confidence >= 0.50
2026-09-21 15:25:28,996 [INFO] [face_recognition.recognition_service]: Matching 1 detected face(s) against 4 enrolled template(s)...
2026-09-21 15:25:29,008 [INFO] [face_recognition.matcher]: Identity match: 'Ritheesh' (ID: 5) with similarity score 0.5880 >= threshold 0.5000
2026-09-21 15:25:29,032 [INFO] [face_recognition.recognition_service]: Recognition completed in 253.87 ms. Status: KNOWN. Best similarity: 0.5880 (threshold: 0.5000)
2026-09-21 15:25:41,074 [INFO] [face_recognition.detector]: Detected 1 face(s) with confidence >= 0.50
2026-09-21 15:25:41,087 [INFO] [face_recognition.recognition_service]: Matching 1 detected face(s) against 4 enrolled template(s)...
2026-09-21 15:25:41,098 [INFO] [face_recognition.matcher]: Identity match: 'Ritheesh' (ID: 5) with similarity score 0.6097 >= threshold 0.5000
2026-09-21 15:25:41,150 [INFO] [face_recognition.recognition_service]: Recognition completed in 256.14 ms. Status: KNOWN. Best similarity: 0.6097 (threshold: 0.5000)
2026-09-21 15:25:49,808 [INFO] [face_recognition.detector]: Detected 1 face(s) with confidence >= 0.50
2026-09-21 15:25:49,821 [INFO] [face_recognition.recognition_service]: Matching 1 detected face(s) against 4 enrolled template(s)...
2026-09-21 15:25:49,832 [INFO] [face_recognition.matcher]: Identity match: 'Ritheesh' (ID: 5) with similarity score 0.5646 >= threshold 0.5000
2026-09-21 15:25:49,867 [INFO] [face_recognition.recognition_service]: Recognition completed in 254.91 ms. Status: KNOWN. Best similarity: 0.5646 (threshold: 0.5000)
2026-09-21 15:25:53,561 [INFO] [face_recognition.detector]: Detected 1 face(s) with confidence >= 0.50
2026-09-21 15:25:53,693 [INFO] [face_recognition.recognition_service]: Matching 1 detected face(s) against 4 enrolled template(s)...
2026-09-21 15:25:53,724 [INFO] [face_recognition.matcher]: Identity match: 'Ritheesh' (ID: 5) with similarity score 0.5829 >= threshold 0.5000
2026-09-21 15:25:53,938 [INFO] [face_recognition.recognition_service]: Recognition completed in 1595.67 ms. Status: KNOWN. Best similarity: 0.5829 (threshold: 0.5000)
2026-09-21 15:25:58,171 [INFO] [face_recognition.detector]: Detected 1 face(s) with confidence >= 0.50
2026-09-21 15:25:58,191 [INFO] [face_recognition.recognition_service]: Matching 1 detected face(s) against 4 enrolled template(s)...
2026-09-21 15:25:58,328 [INFO] [face_recognition.matcher]: Identity match: 'Ritheesh' (ID: 5) with similarity score 0.5675 >= threshold 0.5000
2026-09-21 15:25:58,626 [INFO] [face_recognition.recognition_service]: Recognition completed in 2123.64 ms. Status: KNOWN. Best similarity: 0.5675 (threshold: 0.5000)
2026-09-21 15:26:01,890 [INFO] [face_recognition.detector]: Detected 1 face(s) with confidence >= 0.50
2026-09-21 15:26:01,994 [INFO] [face_recognition.recognition_service]: Matching 1 detected face(s) against 4 enrolled template(s)...
2026-09-21 15:26:02,021 [INFO] [face_recognition.matcher]: Unknown person rejected: highest similarity score 0.2961 is below threshold 0.5000
2026-09-21 15:26:02,190 [INFO] [face_recognition.recognition_service]: Recognition completed in 1529.18 ms. Status: UNKNOWN. Best similarity: 0.2961 (threshold: 0.5000)
2026-09-21 15:26:05,387 [INFO] [face_recognition.detector]: Detected 1 face(s) with confidence >= 0.50
2026-09-21 15:26:05,484 [INFO] [face_recognition.recognition_service]: Matching 1 detected face(s) against 4 enrolled template(s)...
2026-09-21 15:26:05,497 [INFO] [face_recognition.matcher]: Unknown person rejected: highest similarity score 0.2560 is below threshold 0.5000
2026-09-21 15:26:05,668 [INFO] [face_recognition.recognition_service]: Recognition completed in 1926.00 ms. Status: UNKNOWN. Best similarity: 0.2560 (threshold: 0.5000)
2026-09-21 15:26:08,807 [INFO] [face_recognition.detector]: Detected 1 face(s) with confidence >= 0.50
2026-09-21 15:26:08,838 [INFO] [face_recognition.recognition_service]: Matching 1 detected face(s) against 4 enrolled template(s)...
2026-09-21 15:26:08,954 [INFO] [face_recognition.matcher]: Identity match: 'Ritheesh' (ID: 5) with similarity score 0.5422 >= threshold 0.5000
2026-09-21 15:26:09,286 [INFO] [face_recognition.recognition_service]: Recognition completed in 2066.32 ms. Status: KNOWN. Best similarity: 0.5422 (threshold: 0.5000)
2026-09-21 15:26:18,744 [INFO] [face_recognition.detector]: Detected 1 face(s) with confidence >= 0.50
2026-09-21 15:26:18,853 [INFO] [face_recognition.recognition_service]: Matching 1 detected face(s) against 4 enrolled template(s)...
2026-09-21 15:26:18,902 [INFO] [face_recognition.matcher]: Unknown person rejected: highest similarity score 0.4583 is below threshold 0.5000
2026-09-21 15:26:19,194 [INFO] [face_recognition.recognition_service]: Recognition completed in 1421.69 ms. Status: UNKNOWN. Best similarity: 0.4583 (threshold: 0.5000)
2026-09-21 15:26:27,925 [INFO] [face_recognition.detector]: Detected 1 face(s) with confidence >= 0.50
2026-09-21 15:26:27,944 [INFO] [face_recognition.recognition_service]: Matching 1 detected face(s) against 4 enrolled template(s)...
2026-09-21 15:26:28,072 [INFO] [face_recognition.matcher]: Unknown person rejected: highest similarity score 0.4369 is below threshold 0.5000
2026-09-21 15:26:28,268 [INFO] [face_recognition.recognition_service]: Recognition completed in 1580.00 ms. Status: UNKNOWN. Best similarity: 0.4369 (threshold: 0.5000)
2026-09-21 15:26:31,779 [INFO] [face_recognition.detector]: Detected 1 face(s) with confidence >= 0.50
2026-09-21 15:26:31,805 [INFO] [face_recognition.recognition_service]: Matching 1 detected face(s) against 4 enrolled template(s)...
2026-09-21 15:26:31,928 [INFO] [face_recognition.matcher]: Identity match: 'Ritheesh' (ID: 5) with similarity score 0.5339 >= threshold 0.5000
2026-09-21 15:26:32,131 [INFO] [face_recognition.recognition_service]: Recognition completed in 2163.68 ms. Status: KNOWN. Best similarity: 0.5339 (threshold: 0.5000)
2026-09-21 15:27:56,006 [INFO] [face_recognition.detector]: Detected 1 face(s) with confidence >= 0.50
2026-09-21 15:27:56,019 [INFO] [face_recognition.matcher]: Unknown person rejected: highest similarity score 0.0054 is below threshold 0.5000
2026-09-21 15:27:56,596 [INFO] [face_recognition.detector]: Detected 1 face(s) with confidence >= 0.50
2026-09-21 15:27:56,621 [INFO] [face_recognition.matcher]: Unknown person rejected: highest similarity score 0.0183 is below threshold 0.5000
2026-09-21 15:27:57,770 [INFO] [face_recognition.detector]: Detected 1 face(s) with confidence >= 0.50
2026-09-21 15:27:57,788 [INFO] [face_recognition.matcher]: Unknown person rejected: highest similarity score 0.0020 is below threshold 0.5000
2026-09-21 15:27:58,794 [INFO] [face_recognition.detector]: Detected 1 face(s) with confidence >= 0.50
2026-09-21 15:27:58,867 [INFO] [face_recognition.matcher]: Unknown person rejected: highest similarity score -0.0027 is below threshold 0.5000
2026-09-21 15:28:01,210 [INFO] [face_recognition.detector]: Detected 1 face(s) with confidence >= 0.50
2026-09-21 15:28:01,217 [INFO] [face_recognition.matcher]: Unknown person rejected: highest similarity score 0.1288 is below threshold 0.5000
2026-09-21 15:28:01,367 [INFO] [face_recognition.detector]: Detected 1 face(s) with confidence >= 0.50
2026-09-21 15:28:01,392 [INFO] [face_recognition.matcher]: Unknown person rejected: highest similarity score 0.1311 is below threshold 0.5000
2026-09-21 15:28:01,506 [INFO] [face_recognition.detector]: Detected 1 face(s) with confidence >= 0.50
2026-09-21 15:28:01,537 [INFO] [face_recognition.matcher]: Unknown person rejected: highest similarity score 0.1399 is below threshold 0.5000
2026-09-21 15:28:01,710 [INFO] [face_recognition.detector]: Detected 1 face(s) with confidence >= 0.50
2026-09-21 15:28:01,734 [INFO] [face_recognition.matcher]: Unknown person rejected: highest similarity score 0.1415 is below threshold 0.5000
2026-09-21 15:28:01,864 [INFO] [face_recognition.detector]: Detected 1 face(s) with confidence >= 0.50
2026-09-21 15:28:01,907 [INFO] [face_recognition.matcher]: Unknown person rejected: highest similarity score 0.1445 is below threshold 0.5000
2026-09-21 15:28:02,197 [INFO] [face_recognition.detector]: Detected 1 face(s) with confidence >= 0.50
2026-09-21 15:28:02,218 [INFO] [face_recognition.matcher]: Unknown person rejected: highest similarity score 0.0054 is below threshold 0.5000
2026-09-21 15:28:02,389 [INFO] [face_recognition.detector]: Detected 1 face(s) with confidence >= 0.50
2026-09-21 15:28:02,425 [INFO] [face_recognition.matcher]: Unknown person rejected: highest similarity score 0.0183 is below threshold 0.5000
2026-09-21 15:28:02,550 [INFO] [face_recognition.detector]: Detected 1 face(s) with confidence >= 0.50
2026-09-21 15:28:02,580 [INFO] [face_recognition.matcher]: Unknown person rejected: highest similarity score 0.0020 is below threshold 0.5000
2026-09-21 15:28:02,740 [INFO] [face_recognition.detector]: Detected 1 face(s) with confidence >= 0.50
2026-09-21 15:28:02,772 [INFO] [face_recognition.matcher]: Unknown person rejected: highest similarity score -0.0027 is below threshold 0.5000
2026-09-21 15:28:02,908 [INFO] [face_recognition.detector]: Detected 1 face(s) with confidence >= 0.50
2026-09-21 15:28:02,935 [INFO] [face_recognition.matcher]: Unknown person rejected: highest similarity score 0.1288 is below threshold 0.5000
2026-09-21 15:28:03,046 [INFO] [face_recognition.detector]: Detected 1 face(s) with confidence >= 0.50
2026-09-21 15:28:03,069 [INFO] [face_recognition.matcher]: Unknown person rejected: highest similarity score 0.1311 is below threshold 0.5000
2026-09-21 15:28:03,230 [INFO] [face_recognition.detector]: Detected 1 face(s) with confidence >= 0.50
2026-09-21 15:28:03,269 [INFO] [face_recognition.matcher]: Unknown person rejected: highest similarity score 0.1399 is below threshold 0.5000
2026-09-21 15:28:03,375 [INFO] [face_recognition.detector]: Detected 1 face(s) with confidence >= 0.50
2026-09-21 15:28:03,410 [INFO] [face_recognition.matcher]: Unknown person rejected: highest similarity score 0.1415 is below threshold 0.5000
2026-09-21 15:28:03,576 [INFO] [face_recognition.detector]: Detected 1 face(s) with confidence >= 0.50
2026-09-21 15:28:03,625 [INFO] [face_recognition.matcher]: Unknown person rejected: highest similarity score 0.1445 is below threshold 0.5000
2026-09-21 15:30:03,955 [INFO] [face_recognition.cleanup]: Retention cleanup daemon stopped.
2026-09-21 15:30:07,779 [INFO] [face_recognition.detector]: Initializing FaceDetector with model pack 'buffalo_sc' on CPU...
2026-09-21 15:30:07,919 [INFO] [face_recognition.detector]: FaceDetector successfully initialized.
2026-09-21 15:30:08,112 [INFO] [face_recognition.embedder]: FaceEmbedder successfully initialized with ArcFace ONNX model.
2026-09-21 15:30:08,127 [INFO] [face_recognition.engine]: FaceEngine pipeline fully initialized.
2026-09-21 15:30:08,525 [INFO] [face_recognition.cleanup]: Retention cleanup daemon started. Interval: 86400 seconds, Retention: 30 days.
2026-09-21 15:30:08,525 [INFO] [face_recognition.cleanup]: Retention cleanup daemon thread launched (id=2872).
2026-09-21 15:30:08,526 [INFO] [face_recognition.cleanup]: Retention cleanup: scanning 'C:\Users\Ritheesh k\Downloads\Face_Recognition_System\Ritheesh\backend\data\thumbnails' for files older than 30 day(s).
2026-09-21 15:30:08,538 [INFO] [face_recognition.cleanup]: Retention cleanup: finished. Deleted 0 file(s).
2026-09-21 15:30:17,500 [INFO] [face_recognition.cleanup]: Retention cleanup daemon stopped.
2026-09-21 15:30:21,056 [INFO] [face_recognition.detector]: Initializing FaceDetector with model pack 'buffalo_sc' on CPU...
2026-09-21 15:30:21,232 [INFO] [face_recognition.detector]: FaceDetector successfully initialized.
2026-09-21 15:30:21,318 [INFO] [face_recognition.embedder]: FaceEmbedder successfully initialized with ArcFace ONNX model.
2026-09-21 15:30:21,362 [INFO] [face_recognition.engine]: FaceEngine pipeline fully initialized.
2026-09-21 15:30:21,863 [INFO] [face_recognition.cleanup]: Retention cleanup daemon started. Interval: 86400 seconds, Retention: 30 days.
2026-09-21 15:30:21,863 [INFO] [face_recognition.cleanup]: Retention cleanup daemon thread launched (id=20992).
2026-09-21 15:30:21,863 [INFO] [face_recognition.cleanup]: Retention cleanup: scanning 'C:\Users\Ritheesh k\Downloads\Face_Recognition_System\Ritheesh\backend\data\thumbnails' for files older than 30 day(s).
2026-09-21 15:30:21,877 [INFO] [face_recognition.cleanup]: Retention cleanup: finished. Deleted 0 file(s).
2026-09-21 15:30:29,697 [INFO] [face_recognition.cleanup]: Retention cleanup daemon stopped.
2026-09-21 15:30:33,551 [INFO] [face_recognition.detector]: Initializing FaceDetector with model pack 'buffalo_sc' on CPU...
2026-09-21 15:30:33,730 [INFO] [face_recognition.detector]: FaceDetector successfully initialized.
2026-09-21 15:30:33,856 [INFO] [face_recognition.embedder]: FaceEmbedder successfully initialized with ArcFace ONNX model.
2026-09-21 15:30:33,911 [INFO] [face_recognition.engine]: FaceEngine pipeline fully initialized.
2026-09-21 15:30:34,485 [INFO] [face_recognition.cleanup]: Retention cleanup daemon started. Interval: 86400 seconds, Retention: 30 days.
2026-09-21 15:30:34,486 [INFO] [face_recognition.cleanup]: Retention cleanup: scanning 'C:\Users\Ritheesh k\Downloads\Face_Recognition_System\Ritheesh\backend\data\thumbnails' for files older than 30 day(s).
2026-09-21 15:30:34,485 [INFO] [face_recognition.cleanup]: Retention cleanup daemon thread launched (id=24284).
2026-09-21 15:30:34,495 [INFO] [face_recognition.cleanup]: Retention cleanup: finished. Deleted 0 file(s).
2026-09-21 15:31:45,662 [INFO] [face_recognition.detector]: Detected 1 face(s) with confidence >= 0.50
2026-09-21 15:31:45,732 [INFO] [face_recognition.matcher]: Unknown person rejected: highest similarity score 0.0054 is below threshold 0.4000
2026-09-21 15:31:51,326 [INFO] [face_recognition.detector]: Detected 1 face(s) with confidence >= 0.50
2026-09-21 15:31:51,479 [INFO] [face_recognition.matcher]: Unknown person rejected: highest similarity score 0.0183 is below threshold 0.4000
2026-09-21 15:31:56,247 [INFO] [face_recognition.detector]: Detected 1 face(s) with confidence >= 0.50
2026-09-21 15:31:56,405 [INFO] [face_recognition.matcher]: Unknown person rejected: highest similarity score 0.0020 is below threshold 0.4000
2026-09-21 15:32:01,483 [INFO] [face_recognition.detector]: Detected 1 face(s) with confidence >= 0.50
2026-09-21 15:32:01,638 [INFO] [face_recognition.matcher]: Unknown person rejected: highest similarity score -0.0027 is below threshold 0.4000
2026-09-21 15:32:06,015 [INFO] [face_recognition.detector]: Detected 1 face(s) with confidence >= 0.50
2026-09-21 15:32:06,326 [INFO] [face_recognition.matcher]: Unknown person rejected: highest similarity score 0.1288 is below threshold 0.4000
2026-09-21 15:32:09,797 [INFO] [face_recognition.detector]: Detected 1 face(s) with confidence >= 0.50
2026-09-21 15:32:10,244 [INFO] [face_recognition.matcher]: Unknown person rejected: highest similarity score 0.1311 is below threshold 0.4000
2026-09-21 15:32:14,526 [INFO] [face_recognition.detector]: Detected 1 face(s) with confidence >= 0.50
2026-09-21 15:32:14,643 [INFO] [face_recognition.matcher]: Unknown person rejected: highest similarity score 0.1399 is below threshold 0.4000
2026-09-21 15:32:18,797 [INFO] [face_recognition.detector]: Detected 1 face(s) with confidence >= 0.50
2026-09-21 15:32:19,127 [INFO] [face_recognition.matcher]: Unknown person rejected: highest similarity score 0.1415 is below threshold 0.4000
2026-09-21 15:32:24,669 [INFO] [face_recognition.detector]: Detected 1 face(s) with confidence >= 0.50
2026-09-21 15:32:24,859 [INFO] [face_recognition.matcher]: Unknown person rejected: highest similarity score 0.1445 is below threshold 0.4000
2026-09-21 15:34:41,131 [INFO] [face_recognition.detector]: Detected 0 face(s) with confidence >= 0.50
2026-09-21 15:34:41,137 [INFO] [face_recognition.recognition_service]: Recognition attempt: 0 faces detected (latency: 51.78 ms).
2026-09-21 15:36:12,913 [INFO] [face_recognition.detector]: Detected 1 face(s) with confidence >= 0.50
2026-09-21 15:36:12,922 [INFO] [face_recognition.matcher]: Unknown person rejected: highest similarity score 0.0054 is below threshold 0.4000
2026-09-21 15:36:13,268 [INFO] [face_recognition.detector]: Detected 1 face(s) with confidence >= 0.50
2026-09-21 15:36:13,279 [INFO] [face_recognition.matcher]: Unknown person rejected: highest similarity score 0.0183 is below threshold 0.4000
2026-09-21 15:36:14,001 [INFO] [face_recognition.detector]: Detected 1 face(s) with confidence >= 0.50
2026-09-21 15:36:14,024 [INFO] [face_recognition.matcher]: Unknown person rejected: highest similarity score 0.0020 is below threshold 0.4000
2026-09-21 15:36:15,056 [INFO] [face_recognition.detector]: Detected 1 face(s) with confidence >= 0.50
2026-09-21 15:36:15,079 [INFO] [face_recognition.matcher]: Unknown person rejected: highest similarity score -0.0027 is below threshold 0.4000
2026-09-21 15:36:16,474 [INFO] [face_recognition.detector]: Detected 1 face(s) with confidence >= 0.50
2026-09-21 15:36:16,511 [INFO] [face_recognition.matcher]: Unknown person rejected: highest similarity score 0.1288 is below threshold 0.4000
2026-09-21 15:36:18,412 [INFO] [face_recognition.detector]: Detected 1 face(s) with confidence >= 0.50
2026-09-21 15:36:18,525 [INFO] [face_recognition.matcher]: Unknown person rejected: highest similarity score 0.1311 is below threshold 0.4000
2026-09-21 15:36:20,689 [INFO] [face_recognition.detector]: Detected 1 face(s) with confidence >= 0.50
2026-09-21 15:36:20,802 [INFO] [face_recognition.matcher]: Unknown person rejected: highest similarity score 0.1399 is below threshold 0.4000
2026-09-21 15:36:23,201 [INFO] [face_recognition.detector]: Detected 1 face(s) with confidence >= 0.50
2026-09-21 15:36:23,268 [INFO] [face_recognition.matcher]: Unknown person rejected: highest similarity score 0.1415 is below threshold 0.4000
2026-09-21 15:36:25,848 [INFO] [face_recognition.detector]: Detected 1 face(s) with confidence >= 0.50
2026-09-21 15:36:25,976 [INFO] [face_recognition.matcher]: Unknown person rejected: highest similarity score 0.1445 is below threshold 0.4000
2026-09-21 15:36:28,297 [INFO] [face_recognition.detector]: Detected 1 face(s) with confidence >= 0.50
2026-09-21 15:36:28,334 [INFO] [face_recognition.matcher]: Unknown person rejected: highest similarity score 0.0054 is below threshold 0.4000
2026-09-21 15:36:30,893 [INFO] [face_recognition.detector]: Detected 1 face(s) with confidence >= 0.50
2026-09-21 15:36:31,019 [INFO] [face_recognition.matcher]: Unknown person rejected: highest similarity score 0.0183 is below threshold 0.4000
2026-09-21 15:36:32,973 [INFO] [face_recognition.detector]: Detected 1 face(s) with confidence >= 0.50
2026-09-21 15:36:33,042 [INFO] [face_recognition.matcher]: Unknown person rejected: highest similarity score 0.0020 is below threshold 0.4000
2026-09-21 15:36:34,950 [INFO] [face_recognition.detector]: Detected 1 face(s) with confidence >= 0.50
2026-09-21 15:36:34,968 [INFO] [face_recognition.matcher]: Unknown person rejected: highest similarity score -0.0027 is below threshold 0.4000
2026-09-21 15:36:37,470 [INFO] [face_recognition.detector]: Detected 1 face(s) with confidence >= 0.50
2026-09-21 15:36:37,637 [INFO] [face_recognition.matcher]: Unknown person rejected: highest similarity score 0.1288 is below threshold 0.4000
2026-09-21 15:36:38,293 [INFO] [face_recognition.detector]: Detected 1 face(s) with confidence >= 0.50
2026-09-21 15:36:38,314 [INFO] [face_recognition.matcher]: Unknown person rejected: highest similarity score 0.1311 is below threshold 0.4000
2026-09-21 15:36:38,418 [INFO] [face_recognition.detector]: Detected 1 face(s) with confidence >= 0.50
2026-09-21 15:36:38,446 [INFO] [face_recognition.matcher]: Unknown person rejected: highest similarity score 0.1399 is below threshold 0.4000
2026-09-21 15:36:38,571 [INFO] [face_recognition.detector]: Detected 1 face(s) with confidence >= 0.50
2026-09-21 15:36:38,614 [INFO] [face_recognition.matcher]: Unknown person rejected: highest similarity score 0.1415 is below threshold 0.4000
2026-09-21 15:36:38,753 [INFO] [face_recognition.detector]: Detected 1 face(s) with confidence >= 0.50
2026-09-21 15:36:38,783 [INFO] [face_recognition.matcher]: Unknown person rejected: highest similarity score 0.1445 is below threshold 0.4000
2026-09-21 15:36:39,142 [INFO] [face_recognition.detector]: Detected 1 face(s) with confidence >= 0.50
2026-09-21 15:36:39,163 [INFO] [face_recognition.matcher]: Unknown person rejected: highest similarity score 0.0054 is below threshold 0.5000
2026-09-21 15:36:39,276 [INFO] [face_recognition.detector]: Detected 1 face(s) with confidence >= 0.50
2026-09-21 15:36:39,308 [INFO] [face_recognition.matcher]: Unknown person rejected: highest similarity score 0.0183 is below threshold 0.5000
2026-09-21 15:36:39,453 [INFO] [face_recognition.detector]: Detected 1 face(s) with confidence >= 0.50
2026-09-21 15:36:39,493 [INFO] [face_recognition.matcher]: Unknown person rejected: highest similarity score 0.0020 is below threshold 0.5000
2026-09-21 15:36:39,583 [INFO] [face_recognition.detector]: Detected 1 face(s) with confidence >= 0.50
2026-09-21 15:36:39,618 [INFO] [face_recognition.matcher]: Unknown person rejected: highest similarity score -0.0027 is below threshold 0.5000
2026-09-21 15:36:39,706 [INFO] [face_recognition.detector]: Detected 1 face(s) with confidence >= 0.50
2026-09-21 15:36:39,732 [INFO] [face_recognition.matcher]: Unknown person rejected: highest similarity score 0.1288 is below threshold 0.5000
2026-09-21 15:36:39,827 [INFO] [face_recognition.detector]: Detected 1 face(s) with confidence >= 0.50
2026-09-21 15:36:39,861 [INFO] [face_recognition.matcher]: Unknown person rejected: highest similarity score 0.1311 is below threshold 0.5000
2026-09-21 15:36:39,950 [INFO] [face_recognition.detector]: Detected 1 face(s) with confidence >= 0.50
2026-09-21 15:36:39,987 [INFO] [face_recognition.matcher]: Unknown person rejected: highest similarity score 0.1399 is below threshold 0.5000
2026-09-21 15:36:40,103 [INFO] [face_recognition.detector]: Detected 1 face(s) with confidence >= 0.50
2026-09-21 15:36:40,130 [INFO] [face_recognition.matcher]: Unknown person rejected: highest similarity score 0.1415 is below threshold 0.5000
2026-09-21 15:36:40,232 [INFO] [face_recognition.detector]: Detected 1 face(s) with confidence >= 0.50
2026-09-21 15:36:40,264 [INFO] [face_recognition.matcher]: Unknown person rejected: highest similarity score 0.1445 is below threshold 0.5000
2026-09-21 15:37:11,677 [INFO] [face_recognition.detector]: Detected 1 face(s) with confidence >= 0.50
2026-09-21 15:37:11,689 [INFO] [face_recognition.matcher]: Unknown person rejected: highest similarity score 0.0054 is below threshold 0.5000
2026-09-21 15:37:12,026 [INFO] [face_recognition.detector]: Detected 1 face(s) with confidence >= 0.50
2026-09-21 15:37:12,037 [INFO] [face_recognition.matcher]: Unknown person rejected: highest similarity score 0.0183 is below threshold 0.5000
2026-09-21 15:37:12,969 [INFO] [face_recognition.detector]: Detected 1 face(s) with confidence >= 0.50
2026-09-21 15:37:12,978 [INFO] [face_recognition.matcher]: Unknown person rejected: highest similarity score 0.0020 is below threshold 0.5000
2026-09-21 15:37:14,031 [INFO] [face_recognition.detector]: Detected 1 face(s) with confidence >= 0.50
2026-09-21 15:37:14,045 [INFO] [face_recognition.matcher]: Unknown person rejected: highest similarity score -0.0027 is below threshold 0.5000
2026-09-21 15:37:14,997 [INFO] [face_recognition.detector]: Detected 1 face(s) with confidence >= 0.50
2026-09-21 15:37:15,040 [INFO] [face_recognition.matcher]: Unknown person rejected: highest similarity score 0.1288 is below threshold 0.5000
2026-09-21 15:37:16,722 [INFO] [face_recognition.detector]: Detected 1 face(s) with confidence >= 0.50
2026-09-21 15:37:16,738 [INFO] [face_recognition.matcher]: Unknown person rejected: highest similarity score 0.1311 is below threshold 0.5000
2026-09-21 15:37:18,588 [INFO] [face_recognition.detector]: Detected 1 face(s) with confidence >= 0.50
2026-09-21 15:37:18,662 [INFO] [face_recognition.matcher]: Unknown person rejected: highest similarity score 0.1399 is below threshold 0.5000
2026-09-21 15:37:20,733 [INFO] [face_recognition.detector]: Detected 1 face(s) with confidence >= 0.50
2026-09-21 15:37:20,758 [INFO] [face_recognition.matcher]: Unknown person rejected: highest similarity score 0.1415 is below threshold 0.5000
2026-09-21 15:37:22,708 [INFO] [face_recognition.detector]: Detected 1 face(s) with confidence >= 0.50
2026-09-21 15:37:22,733 [INFO] [face_recognition.matcher]: Unknown person rejected: highest similarity score 0.1445 is below threshold 0.5000
2026-09-21 15:38:22,468 [INFO] [face_recognition.cleanup]: Retention cleanup daemon stopped.
2026-09-21 15:43:58,863 [INFO] [face_recognition.detector]: Initializing FaceDetector with model pack 'buffalo_sc' on CPU...
2026-09-21 15:43:59,150 [INFO] [face_recognition.detector]: FaceDetector successfully initialized.
2026-09-21 15:43:59,294 [INFO] [face_recognition.embedder]: FaceEmbedder successfully initialized with ArcFace ONNX model.
2026-09-21 15:43:59,355 [INFO] [face_recognition.engine]: FaceEngine pipeline fully initialized.
2026-09-21 15:43:59,812 [INFO] [face_recognition.cleanup]: Retention cleanup daemon started. Interval: 86400 seconds, Retention: 30 days.
2026-09-21 15:43:59,812 [INFO] [face_recognition.cleanup]: Retention cleanup daemon thread launched (id=18084).
2026-09-21 15:43:59,812 [INFO] [face_recognition.cleanup]: Retention cleanup: scanning 'C:\Users\Ritheesh k\Downloads\Face_Recognition_System\Ritheesh\backend\data\thumbnails' for files older than 30 day(s).
2026-09-21 15:43:59,824 [INFO] [face_recognition.cleanup]: Retention cleanup: finished. Deleted 0 file(s).
2026-09-21 15:44:26,105 [INFO] [face_recognition.detector]: Detected 2 face(s) with confidence >= 0.50
2026-09-21 15:44:26,121 [INFO] [face_recognition.recognition_service]: Matching 2 detected face(s) against 4 enrolled template(s)...
2026-09-21 15:44:26,133 [INFO] [face_recognition.matcher]: Unknown person rejected: highest similarity score 0.2540 is below threshold 0.5000
2026-09-21 15:44:26,158 [INFO] [face_recognition.matcher]: Identity match: 'Ritheesh' (ID: 5) with similarity score 0.6416 >= threshold 0.5000
2026-09-21 15:44:26,203 [INFO] [face_recognition.recognition_service]: Recognition completed in 514.21 ms. Status: KNOWN. Best similarity: 0.6416 (threshold: 0.5000)
2026-09-21 15:44:42,025 [INFO] [face_recognition.detector]: Detected 2 face(s) with confidence >= 0.50
2026-09-21 15:44:42,035 [INFO] [face_recognition.recognition_service]: Matching 2 detected face(s) against 4 enrolled template(s)...
2026-09-21 15:44:42,046 [INFO] [face_recognition.matcher]: Unknown person rejected: highest similarity score 0.2593 is below threshold 0.5000
2026-09-21 15:44:42,067 [INFO] [face_recognition.matcher]: Identity match: 'Ritheesh' (ID: 5) with similarity score 0.6149 >= threshold 0.5000
2026-09-21 15:44:42,118 [INFO] [face_recognition.recognition_service]: Recognition completed in 390.44 ms. Status: KNOWN. Best similarity: 0.6149 (threshold: 0.5000)
2026-09-21 15:45:19,041 [INFO] [face_recognition.detector]: Detected 2 face(s) with confidence >= 0.50
2026-09-21 15:45:19,055 [INFO] [face_recognition.recognition_service]: Matching 2 detected face(s) against 4 enrolled template(s)...
2026-09-21 15:45:19,072 [INFO] [face_recognition.matcher]: Unknown person rejected: highest similarity score 0.2477 is below threshold 0.5000
2026-09-21 15:45:19,100 [INFO] [face_recognition.matcher]: Identity match: 'Ritheesh' (ID: 5) with similarity score 0.6420 >= threshold 0.5000
2026-09-21 15:45:19,131 [INFO] [face_recognition.recognition_service]: Recognition completed in 364.88 ms. Status: KNOWN. Best similarity: 0.6420 (threshold: 0.5000)
2026-09-21 16:09:22,079 [INFO] [face_recognition.detector]: Detected 1 face(s) with confidence >= 0.45
2026-09-21 16:10:06,816 [INFO] [face_recognition.detector]: Detected 1 face(s) with confidence >= 0.45
2026-09-21 16:10:07,111 [INFO] [face_recognition.detector]: Detected 1 face(s) with confidence >= 0.45
2026-09-21 16:10:07,308 [INFO] [face_recognition.detector]: Detected 1 face(s) with confidence >= 0.45
2026-09-21 16:10:22,801 [INFO] [face_recognition.detector]: Detected 1 face(s) with confidence >= 0.45
2026-09-21 16:10:23,105 [INFO] [face_recognition.detector]: Detected 1 face(s) with confidence >= 0.45
2026-09-21 16:10:23,328 [INFO] [face_recognition.detector]: Detected 1 face(s) with confidence >= 0.45
2026-09-21 16:10:23,447 [INFO] [face_recognition.person_service]: Enrolled person 'sudeep' (Code: s22, ID: 6) with 3 images and representative template.
2026-09-21 16:10:50,699 [INFO] [face_recognition.detector]: Detected 1 face(s) with confidence >= 0.45
2026-09-21 16:11:27,411 [INFO] [face_recognition.detector]: Detected 1 face(s) with confidence >= 0.45
2026-09-21 16:11:27,698 [INFO] [face_recognition.detector]: Detected 1 face(s) with confidence >= 0.45
2026-09-21 16:11:27,930 [INFO] [face_recognition.detector]: Detected 1 face(s) with confidence >= 0.45
2026-09-21 16:12:13,953 [INFO] [face_recognition.person_service]: Deleted person ID: 6
2026-09-21 16:12:38,733 [INFO] [face_recognition.detector]: Detected 1 face(s) with confidence >= 0.45
2026-09-21 16:12:41,918 [INFO] [face_recognition.detector]: Detected 1 face(s) with confidence >= 0.45
2026-09-21 16:12:42,181 [INFO] [face_recognition.detector]: Detected 1 face(s) with confidence >= 0.45
2026-09-21 16:12:42,396 [INFO] [face_recognition.detector]: Detected 1 face(s) with confidence >= 0.45
2026-09-21 16:13:42,464 [INFO] [face_recognition.detector]: Detected 1 face(s) with confidence >= 0.45
2026-09-21 16:13:48,403 [INFO] [face_recognition.detector]: Detected 1 face(s) with confidence >= 0.45
2026-09-21 16:13:48,688 [INFO] [face_recognition.detector]: Detected 1 face(s) with confidence >= 0.45
2026-09-21 16:13:48,902 [INFO] [face_recognition.detector]: Detected 1 face(s) with confidence >= 0.45
2026-09-21 16:18:50,506 [INFO] [face_recognition.detector]: Detected 1 face(s) with confidence >= 0.45
2026-09-21 16:18:50,608 [INFO] [face_recognition.detector]: Detected 1 face(s) with confidence >= 0.45
2026-09-21 16:18:50,693 [INFO] [face_recognition.detector]: Detected 1 face(s) with confidence >= 0.45
2026-09-21 16:18:54,041 [INFO] [face_recognition.detector]: Detected 1 face(s) with confidence >= 0.45
2026-09-21 16:18:54,137 [INFO] [face_recognition.detector]: Detected 1 face(s) with confidence >= 0.45
2026-09-21 16:18:54,237 [INFO] [face_recognition.detector]: Detected 1 face(s) with confidence >= 0.45
2026-09-21 16:18:54,367 [INFO] [face_recognition.detector]: Detected 1 face(s) with confidence >= 0.45
2026-09-21 16:26:18,468 [INFO] [face_recognition.detector]: Detected 1 face(s) with confidence >= 0.50
2026-09-21 16:26:18,483 [INFO] [face_recognition.matcher]: Unknown person rejected: highest similarity score 0.0054 is below threshold 0.5000
2026-09-21 16:26:18,794 [INFO] [face_recognition.detector]: Detected 1 face(s) with confidence >= 0.50
2026-09-21 16:26:18,804 [INFO] [face_recognition.matcher]: Unknown person rejected: highest similarity score 0.0183 is below threshold 0.5000
2026-09-21 16:26:19,126 [INFO] [face_recognition.detector]: Detected 1 face(s) with confidence >= 0.50
2026-09-21 16:26:19,136 [INFO] [face_recognition.matcher]: Unknown person rejected: highest similarity score 0.0020 is below threshold 0.5000
2026-09-21 16:26:19,449 [INFO] [face_recognition.detector]: Detected 1 face(s) with confidence >= 0.50
2026-09-21 16:26:19,459 [INFO] [face_recognition.matcher]: Unknown person rejected: highest similarity score -0.0027 is below threshold 0.5000
2026-09-21 16:26:19,819 [INFO] [face_recognition.detector]: Detected 1 face(s) with confidence >= 0.50
2026-09-21 16:26:19,829 [INFO] [face_recognition.matcher]: Unknown person rejected: highest similarity score 0.1288 is below threshold 0.5000
2026-09-21 16:26:20,146 [INFO] [face_recognition.detector]: Detected 1 face(s) with confidence >= 0.50
2026-09-21 16:26:20,160 [INFO] [face_recognition.matcher]: Unknown person rejected: highest similarity score 0.1311 is below threshold 0.5000
2026-09-21 16:26:20,481 [INFO] [face_recognition.detector]: Detected 1 face(s) with confidence >= 0.50
2026-09-21 16:26:20,495 [INFO] [face_recognition.matcher]: Unknown person rejected: highest similarity score 0.1399 is below threshold 0.5000
2026-09-21 16:26:20,829 [INFO] [face_recognition.detector]: Detected 1 face(s) with confidence >= 0.50
2026-09-21 16:26:20,838 [INFO] [face_recognition.matcher]: Unknown person rejected: highest similarity score 0.1415 is below threshold 0.5000
2026-09-21 16:26:21,133 [INFO] [face_recognition.detector]: Detected 1 face(s) with confidence >= 0.50
2026-09-21 16:26:21,148 [INFO] [face_recognition.matcher]: Unknown person rejected: highest similarity score 0.1445 is below threshold 0.5000
2026-09-21 16:26:21,518 [INFO] [face_recognition.detector]: Detected 1 face(s) with confidence >= 0.50
2026-09-21 16:26:21,529 [INFO] [face_recognition.matcher]: Unknown person rejected: highest similarity score 0.0054 is below threshold 0.5000
2026-09-21 16:26:21,830 [INFO] [face_recognition.detector]: Detected 1 face(s) with confidence >= 0.50
2026-09-21 16:26:21,841 [INFO] [face_recognition.matcher]: Unknown person rejected: highest similarity score 0.0183 is below threshold 0.5000
2026-09-21 16:26:22,147 [INFO] [face_recognition.detector]: Detected 1 face(s) with confidence >= 0.50
2026-09-21 16:26:22,155 [INFO] [face_recognition.matcher]: Unknown person rejected: highest similarity score 0.0020 is below threshold 0.5000
2026-09-21 16:26:22,419 [INFO] [face_recognition.detector]: Detected 1 face(s) with confidence >= 0.50
2026-09-21 16:26:22,430 [INFO] [face_recognition.matcher]: Unknown person rejected: highest similarity score -0.0027 is below threshold 0.5000
2026-09-21 16:26:22,730 [INFO] [face_recognition.detector]: Detected 1 face(s) with confidence >= 0.50
2026-09-21 16:26:22,743 [INFO] [face_recognition.matcher]: Unknown person rejected: highest similarity score 0.1288 is below threshold 0.5000
2026-09-21 16:26:23,007 [INFO] [face_recognition.detector]: Detected 1 face(s) with confidence >= 0.50
2026-09-21 16:26:23,018 [INFO] [face_recognition.matcher]: Unknown person rejected: highest similarity score 0.1311 is below threshold 0.5000
2026-09-21 16:26:23,354 [INFO] [face_recognition.detector]: Detected 1 face(s) with confidence >= 0.50
2026-09-21 16:26:23,364 [INFO] [face_recognition.matcher]: Unknown person rejected: highest similarity score 0.1399 is below threshold 0.5000
2026-09-21 16:26:23,695 [INFO] [face_recognition.detector]: Detected 1 face(s) with confidence >= 0.50
2026-09-21 16:26:23,706 [INFO] [face_recognition.matcher]: Unknown person rejected: highest similarity score 0.1415 is below threshold 0.5000
2026-09-21 16:26:23,995 [INFO] [face_recognition.detector]: Detected 1 face(s) with confidence >= 0.50
2026-09-21 16:26:24,007 [INFO] [face_recognition.matcher]: Unknown person rejected: highest similarity score 0.1445 is below threshold 0.5000
2026-09-21 16:52:10,065 [INFO] [face_recognition.detector]: Detected 1 face(s) with confidence >= 0.45
2026-09-21 16:52:10,486 [INFO] [face_recognition.detector]: Detected 1 face(s) with confidence >= 0.45
2026-09-21 16:52:11,164 [INFO] [face_recognition.detector]: Detected 1 face(s) with confidence >= 0.45
2026-09-21 16:53:13,474 [INFO] [face_recognition.detector]: Detected 1 face(s) with confidence >= 0.50
2026-09-21 16:53:13,487 [INFO] [face_recognition.recognition_service]: Matching 1 detected face(s) against 4 enrolled template(s)...
2026-09-21 16:53:13,509 [INFO] [face_recognition.matcher]: Unknown person rejected: highest similarity score 0.2376 is below threshold 0.5000
2026-09-21 16:53:13,559 [INFO] [face_recognition.recognition_service]: Recognition completed in 242.01 ms. Status: UNKNOWN. Best similarity: 0.2376 (threshold: 0.5000)
2026-09-21 16:53:34,937 [INFO] [face_recognition.detector]: Detected 1 face(s) with confidence >= 0.45
2026-09-21 16:53:41,496 [INFO] [face_recognition.detector]: Detected 1 face(s) with confidence >= 0.45
2026-09-21 16:53:41,847 [INFO] [face_recognition.detector]: Detected 1 face(s) with confidence >= 0.45
2026-09-21 16:53:42,439 [INFO] [face_recognition.detector]: Detected 1 face(s) with confidence >= 0.45
2026-09-21 16:54:03,750 [INFO] [face_recognition.detector]: Detected 1 face(s) with confidence >= 0.45
2026-09-21 16:54:04,055 [INFO] [face_recognition.detector]: Detected 1 face(s) with confidence >= 0.45
2026-09-21 16:54:04,298 [INFO] [face_recognition.detector]: Detected 1 face(s) with confidence >= 0.45
2026-09-21 16:54:04,475 [INFO] [face_recognition.person_service]: Enrolled person 'sudeep' (Code: s12, ID: 6) with 3 images and representative template.
2026-09-21 16:54:13,622 [INFO] [face_recognition.detector]: Detected 1 face(s) with confidence >= 0.50
2026-09-21 16:54:13,632 [INFO] [face_recognition.recognition_service]: Matching 1 detected face(s) against 5 enrolled template(s)...
2026-09-21 16:54:13,646 [INFO] [face_recognition.matcher]: Identity match: 'sudeep' (ID: 6) with similarity score 0.5660 >= threshold 0.5000
2026-09-21 16:54:13,696 [INFO] [face_recognition.recognition_service]: Recognition completed in 229.47 ms. Status: KNOWN. Best similarity: 0.5660 (threshold: 0.5000)
2026-09-21 16:55:10,329 [INFO] [face_recognition.person_service]: Deleted person ID: 5
2026-09-21 16:55:25,553 [INFO] [face_recognition.detector]: Detected 1 face(s) with confidence >= 0.45
2026-09-21 16:55:25,915 [INFO] [face_recognition.detector]: Detected 1 face(s) with confidence >= 0.45
2026-09-21 16:55:26,902 [INFO] [face_recognition.detector]: Detected 1 face(s) with confidence >= 0.45
2026-09-21 16:55:44,057 [INFO] [face_recognition.detector]: Detected 1 face(s) with confidence >= 0.45
2026-09-21 16:55:44,358 [INFO] [face_recognition.detector]: Detected 1 face(s) with confidence >= 0.45
2026-09-21 16:55:44,698 [INFO] [face_recognition.detector]: Detected 1 face(s) with confidence >= 0.45
2026-09-21 16:55:44,961 [INFO] [face_recognition.person_service]: Enrolled person 'ritheesh' (Code: ro22, ID: 7) with 3 images and representative template.
2026-09-21 16:55:57,881 [INFO] [face_recognition.person_service]: Deleted person ID: 7
2026-09-21 16:56:08,838 [INFO] [face_recognition.detector]: Detected 1 face(s) with confidence >= 0.45
2026-09-21 16:56:09,371 [INFO] [face_recognition.detector]: Detected 1 face(s) with confidence >= 0.45
2026-09-21 16:56:10,615 [INFO] [face_recognition.detector]: Detected 1 face(s) with confidence >= 0.45
2026-09-21 16:59:40,354 [INFO] [face_recognition.cleanup]: Retention cleanup daemon stopped.
2026-09-21 16:59:51,799 [INFO] [face_recognition.detector]: Initializing FaceDetector with model pack 'buffalo_sc' on CPU...
2026-09-21 16:59:52,207 [INFO] [face_recognition.detector]: FaceDetector successfully initialized.
2026-09-21 16:59:52,272 [INFO] [face_recognition.embedder]: FaceEmbedder successfully initialized with ArcFace ONNX model.
2026-09-21 16:59:52,305 [INFO] [face_recognition.engine]: FaceEngine pipeline fully initialized.
2026-09-21 16:59:52,613 [INFO] [face_recognition.cleanup]: Retention cleanup daemon started. Interval: 86400 seconds, Retention: 30 days.
2026-09-21 16:59:52,613 [INFO] [face_recognition.cleanup]: Retention cleanup daemon thread launched (id=29160).
2026-09-21 16:59:52,613 [INFO] [face_recognition.cleanup]: Retention cleanup: scanning 'C:\Users\Ritheesh k\Downloads\Face_Recognition_System\Ritheesh\backend\data\thumbnails' for files older than 30 day(s).
2026-09-21 16:59:52,626 [INFO] [face_recognition.cleanup]: Retention cleanup: finished. Deleted 0 file(s).
2026-09-21 17:00:07,990 [INFO] [face_recognition.cleanup]: Retention cleanup daemon stopped.
2026-09-21 17:00:11,784 [INFO] [face_recognition.detector]: Initializing FaceDetector with model pack 'buffalo_sc' on CPU...
2026-09-21 17:00:11,937 [INFO] [face_recognition.detector]: FaceDetector successfully initialized.
2026-09-21 17:00:12,038 [INFO] [face_recognition.embedder]: FaceEmbedder successfully initialized with ArcFace ONNX model.
2026-09-21 17:00:12,075 [INFO] [face_recognition.engine]: FaceEngine pipeline fully initialized.
2026-09-21 17:00:12,761 [INFO] [face_recognition.cleanup]: Retention cleanup daemon started. Interval: 86400 seconds, Retention: 30 days.
2026-09-21 17:00:12,762 [INFO] [face_recognition.cleanup]: Retention cleanup daemon thread launched (id=14868).
2026-09-21 17:00:12,762 [INFO] [face_recognition.cleanup]: Retention cleanup: scanning 'C:\Users\Ritheesh k\Downloads\Face_Recognition_System\Ritheesh\backend\data\thumbnails' for files older than 30 day(s).
2026-09-21 17:00:12,774 [INFO] [face_recognition.cleanup]: Retention cleanup: finished. Deleted 0 file(s).
2026-09-21 17:02:37,982 [INFO] [face_recognition.detector]: Detected 1 face(s) with confidence >= 0.45
2026-09-21 17:02:38,179 [INFO] [face_recognition.detector]: Detected 1 face(s) with confidence >= 0.45
2026-09-21 17:02:38,350 [INFO] [face_recognition.detector]: Detected 1 face(s) with confidence >= 0.45
2026-09-21 17:02:57,191 [INFO] [face_recognition.detector]: Detected 1 face(s) with confidence >= 0.45
2026-09-21 17:02:57,580 [INFO] [face_recognition.detector]: Detected 1 face(s) with confidence >= 0.45
2026-09-21 17:02:57,752 [INFO] [face_recognition.detector]: Detected 1 face(s) with confidence >= 0.45
2026-09-21 17:04:19,087 [INFO] [face_recognition.detector]: Detected 1 face(s) with confidence >= 0.45
2026-09-21 17:04:19,553 [INFO] [face_recognition.detector]: Detected 1 face(s) with confidence >= 0.45
2026-09-21 17:04:21,241 [INFO] [face_recognition.detector]: Detected 1 face(s) with confidence >= 0.45
2026-09-21 17:04:29,092 [INFO] [face_recognition.detector]: Detected 1 face(s) with confidence >= 0.45
2026-09-21 17:04:32,074 [INFO] [face_recognition.detector]: Detected 1 face(s) with confidence >= 0.45
2026-09-21 17:04:34,874 [INFO] [face_recognition.detector]: Detected 1 face(s) with confidence >= 0.45
2026-09-21 17:04:36,697 [INFO] [face_recognition.detector]: Detected 1 face(s) with confidence >= 0.45
2026-09-21 17:04:39,079 [INFO] [face_recognition.detector]: Detected 1 face(s) with confidence >= 0.45
2026-09-21 17:04:41,081 [INFO] [face_recognition.detector]: Detected 1 face(s) with confidence >= 0.45
2026-09-21 17:04:43,392 [INFO] [face_recognition.detector]: Detected 1 face(s) with confidence >= 0.45
2026-09-21 17:04:49,451 [INFO] [face_recognition.detector]: Detected 1 face(s) with confidence >= 0.45
2026-09-21 17:04:52,338 [INFO] [face_recognition.detector]: Detected 1 face(s) with confidence >= 0.45
2026-09-21 17:04:56,253 [INFO] [face_recognition.detector]: Detected 1 face(s) with confidence >= 0.45
2026-09-21 17:04:59,886 [INFO] [face_recognition.detector]: Detected 1 face(s) with confidence >= 0.45
2026-09-21 17:05:08,043 [INFO] [face_recognition.detector]: Detected 1 face(s) with confidence >= 0.45
2026-09-21 17:05:10,824 [INFO] [face_recognition.detector]: Detected 1 face(s) with confidence >= 0.45
2026-09-21 17:05:15,056 [INFO] [face_recognition.detector]: Detected 1 face(s) with confidence >= 0.45
2026-09-21 17:05:33,469 [INFO] [face_recognition.detector]: Detected 1 face(s) with confidence >= 0.45
2026-09-21 17:05:34,003 [INFO] [face_recognition.detector]: Detected 1 face(s) with confidence >= 0.45
2026-09-21 17:05:35,859 [INFO] [face_recognition.detector]: Detected 1 face(s) with confidence >= 0.45
2026-09-21 17:05:39,521 [INFO] [face_recognition.detector]: Detected 1 face(s) with confidence >= 0.45
2026-09-21 17:05:41,647 [INFO] [face_recognition.detector]: Detected 1 face(s) with confidence >= 0.45
2026-09-21 17:05:44,024 [INFO] [face_recognition.detector]: Detected 1 face(s) with confidence >= 0.45
2026-09-21 17:05:47,928 [INFO] [face_recognition.detector]: Detected 1 face(s) with confidence >= 0.45
2026-09-21 17:05:56,234 [INFO] [face_recognition.detector]: Detected 1 face(s) with confidence >= 0.45
2026-09-21 17:05:57,480 [INFO] [face_recognition.detector]: Detected 1 face(s) with confidence >= 0.45
2026-09-21 17:06:01,869 [INFO] [face_recognition.detector]: Detected 1 face(s) with confidence >= 0.45
2026-09-21 17:06:06,428 [INFO] [face_recognition.detector]: Detected 1 face(s) with confidence >= 0.45
2026-09-21 17:06:10,017 [INFO] [face_recognition.detector]: Detected 1 face(s) with confidence >= 0.45
2026-09-21 17:06:12,862 [INFO] [face_recognition.detector]: Detected 1 face(s) with confidence >= 0.45
2026-09-21 17:06:14,543 [INFO] [face_recognition.detector]: Detected 1 face(s) with confidence >= 0.45
2026-09-21 17:06:15,167 [INFO] [face_recognition.detector]: Detected 1 face(s) with confidence >= 0.45
2026-09-21 17:06:16,387 [INFO] [face_recognition.detector]: Detected 1 face(s) with confidence >= 0.45
2026-09-21 17:06:19,056 [INFO] [face_recognition.detector]: Detected 1 face(s) with confidence >= 0.45
2026-09-21 17:06:23,021 [INFO] [face_recognition.detector]: Detected 1 face(s) with confidence >= 0.45
2026-09-21 17:06:26,095 [INFO] [face_recognition.detector]: Detected 1 face(s) with confidence >= 0.45
2026-09-21 17:06:29,009 [INFO] [face_recognition.detector]: Detected 1 face(s) with confidence >= 0.45
2026-09-21 17:06:32,303 [INFO] [face_recognition.detector]: Detected 1 face(s) with confidence >= 0.45
2026-09-21 17:06:34,614 [INFO] [face_recognition.detector]: Detected 1 face(s) with confidence >= 0.45
2026-09-21 17:06:37,965 [INFO] [face_recognition.detector]: Detected 1 face(s) with confidence >= 0.45
2026-09-21 17:06:40,562 [INFO] [face_recognition.detector]: Detected 1 face(s) with confidence >= 0.45
2026-09-21 17:06:43,197 [INFO] [face_recognition.detector]: Detected 1 face(s) with confidence >= 0.45
2026-09-21 17:06:58,312 [INFO] [face_recognition.detector]: Detected 1 face(s) with confidence >= 0.45
2026-09-21 17:06:59,631 [INFO] [face_recognition.detector]: Detected 1 face(s) with confidence >= 0.45
2026-09-21 17:07:02,879 [INFO] [face_recognition.detector]: Detected 1 face(s) with confidence >= 0.45
2026-09-21 17:07:05,566 [INFO] [face_recognition.detector]: Detected 1 face(s) with confidence >= 0.45
2026-09-21 17:07:09,844 [INFO] [face_recognition.detector]: Detected 1 face(s) with confidence >= 0.45
2026-09-21 17:07:33,821 [INFO] [face_recognition.detector]: Detected 1 face(s) with confidence >= 0.45
2026-09-21 17:07:34,289 [INFO] [face_recognition.detector]: Detected 1 face(s) with confidence >= 0.45
2026-09-21 17:07:35,758 [INFO] [face_recognition.detector]: Detected 1 face(s) with confidence >= 0.45
2026-09-21 17:07:36,399 [INFO] [face_recognition.detector]: Detected 1 face(s) with confidence >= 0.45
2026-09-21 17:07:39,096 [INFO] [face_recognition.detector]: Detected 1 face(s) with confidence >= 0.45
2026-09-21 17:07:41,935 [INFO] [face_recognition.detector]: Detected 1 face(s) with confidence >= 0.45
2026-09-21 17:07:42,232 [INFO] [face_recognition.detector]: Detected 1 face(s) with confidence >= 0.45
2026-09-21 17:07:51,421 [INFO] [face_recognition.detector]: Detected 1 face(s) with confidence >= 0.45
2026-09-21 17:07:52,304 [INFO] [face_recognition.detector]: Detected 1 face(s) with confidence >= 0.45
2026-09-21 17:07:53,567 [INFO] [face_recognition.detector]: Detected 1 face(s) with confidence >= 0.45
2026-09-21 17:07:54,589 [INFO] [face_recognition.detector]: Detected 1 face(s) with confidence >= 0.45
2026-09-21 17:07:55,852 [INFO] [face_recognition.detector]: Detected 1 face(s) with confidence >= 0.45
2026-09-21 17:07:57,698 [INFO] [face_recognition.detector]: Detected 1 face(s) with confidence >= 0.45
2026-09-21 17:08:08,772 [INFO] [face_recognition.detector]: Detected 1 face(s) with confidence >= 0.45
2026-09-21 17:08:09,937 [INFO] [face_recognition.detector]: Detected 1 face(s) with confidence >= 0.45
2026-09-21 17:08:12,563 [INFO] [face_recognition.detector]: Detected 1 face(s) with confidence >= 0.45
2026-09-21 17:08:14,571 [INFO] [face_recognition.detector]: Detected 1 face(s) with confidence >= 0.45
2026-09-21 17:08:18,435 [INFO] [face_recognition.detector]: Detected 1 face(s) with confidence >= 0.45
2026-09-21 17:08:28,093 [INFO] [face_recognition.detector]: Detected 1 face(s) with confidence >= 0.45
2026-09-21 17:08:28,752 [INFO] [face_recognition.detector]: Detected 1 face(s) with confidence >= 0.45
2026-09-21 17:08:30,567 [INFO] [face_recognition.detector]: Detected 1 face(s) with confidence >= 0.45
2026-09-21 17:08:32,882 [INFO] [face_recognition.detector]: Detected 1 face(s) with confidence >= 0.45
2026-09-21 17:08:49,756 [INFO] [face_recognition.detector]: Detected 1 face(s) with confidence >= 0.45
2026-09-21 17:08:50,189 [INFO] [face_recognition.detector]: Detected 1 face(s) with confidence >= 0.45
2026-09-21 17:08:51,443 [INFO] [face_recognition.detector]: Detected 1 face(s) with confidence >= 0.45
2026-09-21 17:08:52,627 [INFO] [face_recognition.detector]: Detected 1 face(s) with confidence >= 0.45
2026-09-21 17:08:53,053 [INFO] [face_recognition.person_service]: Enrolled person 'Ritheesh K' (Code: R1, ID: 7) with 4 images and representative template.
2026-09-21 17:10:43,693 [INFO] [face_recognition.detector]: Detected 1 face(s) with confidence >= 0.50
2026-09-21 17:10:43,705 [INFO] [face_recognition.matcher]: Unknown person rejected: highest similarity score 0.0153 is below threshold 0.5000
2026-09-21 17:10:44,032 [INFO] [face_recognition.detector]: Detected 1 face(s) with confidence >= 0.50
2026-09-21 17:10:44,043 [INFO] [face_recognition.matcher]: Unknown person rejected: highest similarity score 0.0183 is below threshold 0.5000
2026-09-21 17:10:44,942 [INFO] [face_recognition.detector]: Detected 1 face(s) with confidence >= 0.50
2026-09-21 17:10:44,955 [INFO] [face_recognition.matcher]: Unknown person rejected: highest similarity score 0.0949 is below threshold 0.5000
2026-09-21 17:10:45,881 [INFO] [face_recognition.detector]: Detected 1 face(s) with confidence >= 0.50
2026-09-21 17:10:45,901 [INFO] [face_recognition.matcher]: Unknown person rejected: highest similarity score 0.0945 is below threshold 0.5000
2026-09-21 17:10:47,188 [INFO] [face_recognition.detector]: Detected 1 face(s) with confidence >= 0.50
2026-09-21 17:10:47,435 [INFO] [face_recognition.matcher]: Unknown person rejected: highest similarity score 0.1288 is below threshold 0.5000
2026-09-21 17:10:49,315 [INFO] [face_recognition.detector]: Detected 1 face(s) with confidence >= 0.50
2026-09-21 17:10:49,430 [INFO] [face_recognition.matcher]: Unknown person rejected: highest similarity score 0.1311 is below threshold 0.5000
2026-09-21 17:10:51,701 [INFO] [face_recognition.detector]: Detected 1 face(s) with confidence >= 0.50
2026-09-21 17:10:51,719 [INFO] [face_recognition.matcher]: Unknown person rejected: highest similarity score 0.1426 is below threshold 0.5000
2026-09-21 17:10:53,099 [INFO] [face_recognition.detector]: Detected 1 face(s) with confidence >= 0.50
2026-09-21 17:10:53,218 [INFO] [face_recognition.matcher]: Unknown person rejected: highest similarity score 0.1481 is below threshold 0.5000
2026-09-21 17:10:54,837 [INFO] [face_recognition.detector]: Detected 1 face(s) with confidence >= 0.50
2026-09-21 17:10:54,925 [INFO] [face_recognition.matcher]: Unknown person rejected: highest similarity score 0.1467 is below threshold 0.5000
2026-09-21 17:10:57,473 [INFO] [face_recognition.detector]: Detected 1 face(s) with confidence >= 0.50
2026-09-21 17:10:57,503 [INFO] [face_recognition.matcher]: Unknown person rejected: highest similarity score 0.0153 is below threshold 0.5000
2026-09-21 17:10:59,542 [INFO] [face_recognition.detector]: Detected 1 face(s) with confidence >= 0.50
2026-09-21 17:10:59,651 [INFO] [face_recognition.matcher]: Unknown person rejected: highest similarity score 0.0183 is below threshold 0.5000
2026-09-21 17:11:01,758 [INFO] [face_recognition.detector]: Detected 1 face(s) with confidence >= 0.50
2026-09-21 17:11:01,901 [INFO] [face_recognition.matcher]: Unknown person rejected: highest similarity score 0.0949 is below threshold 0.5000
2026-09-21 17:11:03,684 [INFO] [face_recognition.detector]: Detected 1 face(s) with confidence >= 0.50
2026-09-21 17:11:03,739 [INFO] [face_recognition.matcher]: Unknown person rejected: highest similarity score 0.0945 is below threshold 0.5000
2026-09-21 17:11:05,715 [INFO] [face_recognition.detector]: Detected 1 face(s) with confidence >= 0.50
2026-09-21 17:11:05,750 [INFO] [face_recognition.matcher]: Unknown person rejected: highest similarity score 0.1288 is below threshold 0.5000
2026-09-21 17:11:07,619 [INFO] [face_recognition.detector]: Detected 1 face(s) with confidence >= 0.50
2026-09-21 17:11:07,774 [INFO] [face_recognition.matcher]: Unknown person rejected: highest similarity score 0.1311 is below threshold 0.5000
2026-09-21 17:11:09,465 [INFO] [face_recognition.detector]: Detected 1 face(s) with confidence >= 0.50
2026-09-21 17:11:09,585 [INFO] [face_recognition.matcher]: Unknown person rejected: highest similarity score 0.1426 is below threshold 0.5000
2026-09-21 17:11:11,456 [INFO] [face_recognition.detector]: Detected 1 face(s) with confidence >= 0.50
2026-09-21 17:11:11,560 [INFO] [face_recognition.matcher]: Unknown person rejected: highest similarity score 0.1481 is below threshold 0.5000
2026-09-21 17:11:14,110 [INFO] [face_recognition.detector]: Detected 1 face(s) with confidence >= 0.50
2026-09-21 17:11:14,167 [INFO] [face_recognition.matcher]: Unknown person rejected: highest similarity score 0.1467 is below threshold 0.5000
2026-09-21 17:13:40,752 [INFO] [face_recognition.cleanup]: Retention cleanup daemon stopped.
